name,stars,branch,commit
iluwatar@java-design-patterns,77705,master,4108f86177254b72cec4f05c3c2e0dab35e63536
spring-projects@spring-boot,63750,main,4be3218cb62915d6fa8596f0e630514383f58b83
elastic@elasticsearch,61587,main,0ac81ce52a5474082465d48d68a2a8d5363e758f
spring-projects@spring-framework,49480,main,997dd3ee65b0e30b396fa06db75eb6a80b3809bc
TheAlgorithms@Java,48630,master,9a09a9e772dd39a05f247111d83fedceaf31ac10
ReactiveX@RxJava,46570,3.x,159ae3b00b93e42c37a74e9635190d9cbcde99ae
google@guava,46014,master,b337be608971b02a51f1a31a50a49c4755c6fd75
square@retrofit,40676,master,5180f481c58b0be80ad81a0c1ec540fe7e91ee81
apache@dubbo,38020,3.1,6f35df41b50efd56fb1232efc2bb877a3fb01761
PhilJay@MPAndroidChart,35757,master,0550d3f7907c635744c08ad8ff9c45e1b6281cc7
NationalSecurityAgency@ghidra,35317,master,2a86142a8d2496016fccc53abacc5d60671d5eb2
airbnb@lottie-android,33307,master,c553ad392e62f29de7045f4e5c9ed116d951c454
bumptech@glide,33065,master,4bfda588b628389134c7a1269cc8202bb69510bf
eugenp@tutorials,32292,master,8e8372ad2d253284194e26548ddfb28452b5012a
skylot@jadx,31997,master,6844a46c93a4c911196b47ad3492da15935711b9
Blankj@AndroidUtilCode,31490,master,2955cf96fcc4ed6b8501d06be382cf098d7cdf50
zxing@zxing,30310,master,bdc7c26526ada2b7b9864d949b56d762f05c65ca
netty@netty,30145,4.1,4573c91220006a909bd4fd15b12b72eecff4940b
dbeaver@dbeaver,28864,devel,7e6a4f2ce55adae14b00f08f1f3d911f1209f39d
apolloconfig@apollo,27411,master,75ae5cc8ca41c5f177cd9c8e044a9425ba40ad39
crossoverJie@JCSprout,26846,master,138bf674028a5e14584d94576cbacb97cbdf56de
JakeWharton@butterknife,25677,master,fcdebedf3276096db2f51bf6372b849b5a9c75ed
alibaba@fastjson,25045,master,b297371df369c41d104cf0d37fbfcf124230fd8b
SeleniumHQ@selenium,24953,trunk,851cb0da757ff5d1c81c03c8591a39fde678c15d
alibaba@nacos,24368,develop,308d772a9a17d004fba173254d7e6b2f58f08a5a
dromara@hutool,24291,v5-master,ec14f8384ad384fb6e054df722fe089d64af0c41
greenrobot@EventBus,24143,master,0194926b3bcf70cc0d7bfd3c5da16708dd5ab876
alibaba@spring-cloud-alibaba,23959,2021.x,4b24746de947568df5e8f418d1828e8cadb69de0
apache@kafka,23393,trunk,06dc67a480e65a98c1d85aeeb9919fd6dcda49b3
CymChad@BaseRecyclerViewAdapterHelper,23178,master,ef191263c2abd5a689a8d6eaa9e04f36faf42666
Netflix@Hystrix,23000,master,3cb21589895e9f8f87cfcdbc9d96d9f63d48b848
seata@seata,22946,develop,e10e36c6c09d17202c195dfe48ad76a27b8e3e98
signalapp@Signal-Android,22939,main,07915db7bc5720e8de8fee3a8683b1bb1686e436
google@gson,21518,master,763e69a33117fcfc2b527aee7cda5866cc747b22
TeamNewPipe@NewPipe,21484,dev,2a98cca80100d87562f0c9ff1fadeac3838f6ff6
DrKLO@Telegram,20914,master,e9a35cea54c06277c69d41b8e25d94b5d7ede065
apache@skywalking,20659,master,7f9f7922296a695404892ea9e60df6a8ca3873fa
libgdx@libgdx,20656,master,31ac4d900bffe10c4b194a912a1289fa1e42ad3c
redisson@redisson,20018,master,34bcddc0121e1c5c447c2e3f68399fccd33f7b77
apache@flink,20013,master,93af1e45a1e868ad3752923453562861d831104f
google@ExoPlayer,19963,release-v2,ab4d37f499ba49bb3cac7938eb03ebf7133ccfe6
ReactiveX@RxAndroid,19701,3.x,bbb97e095f63a746d2b9381a4dfa1aaa4c590c8f
jenkinsci@jenkins,19678,master,e7df5eb5285ec965621a02d589f2543d09885723
bazelbuild@bazel,19632,master,b422719f35b1ae5ed5f7f83d05cd778e9c58d793
Baseflow@PhotoView,18370,master,565505d5cb84f5977771b5d2ccb7726338e77224
apache@rocketmq,18275,develop,40013b32e818cf47607e48f9bb0553c14d24d948
EnterpriseQualityCoding@FizzBuzzEnterpriseEdition,18098,uinverse,4922c077c07a3744ae67ee8a932786f15bf57411
mybatis@mybatis-3,17861,master,043aaaa6bc11e3f06e1e85dd4f990b55346612e8
oracle@graal,17676,master,a33f51897adc29162790668023fe9017cd2fef25
apache@shardingsphere,17540,master,a4cc08e5419bb2db385ecb0a8c270130a2713262
facebook@fresco,16875,main,51662ed37ceea76ca7f58912b9f8372fb8ccb08b
nostra13@Android-Universal-Image-Loader,16805,master,458df4da2e23ba9ad76c79241a948cdfcccf72ae
termux@termux-app,16756,master,c8a74dc58898ffee1d1207a125f2b4000d20b39b
Tencent@tinker,16589,dev,bcc4d8fd9ccc9682a5964c15c0fe8c622efac215
Anuken@Mindustry,16185,master,cc4ea7af5ee60d36d7b558a4e74b4e947af60cb7
winterbe@java8-tutorial,16022,master,faf9793524cd6956428fa5d79e7fdce3a3184b56
openzipkin@zipkin,15746,master,c99ff5ad259a607de6e1cf67239bee8300a43e60
lottie-react-native@lottie-react-native,15429,master,4af1ebd5a6255e4ab87956775ad3bcfcd8a4d3cb
LMAX-Exchange@disruptor,15259,master,f42fc745dd6916017723ebe6dc1457501bc44f71
android10@Android-CleanArchitecture,15229,master,8ed4222c537e40db05e9e685bbc253fafb6b8e1f
iBotPeaches@Apktool,15025,master,9db742618bb045246d952c4cf911d299a59c1420
medcl@elasticsearch-analysis-ik,14417,master,9338c1910468f19cae99532f6a3aa5fe02399a06
openjdk@jdk,14360,master,324bec19aa9b9d4944a7e1129d494d57a077ba51
hdodenhof@CircleImageView,14324,master,f599e991fae34af6047030bd7710d244c8ad4dfe
OpenAPITools@openapi-generator,14161,master,a9b24956a847bf17ceb9710033227093f2b4bb14
prestodb@presto,14109,master,ba9ec306d453f968f711e437ab2d60b91dc6b700
material-components@material-components-android,14066,master,3b333ee8343dc0bde20d110a39ccc4654977eb23
keycloak@keycloak,13886,main,6dc2119e205f1d9fabd44afa2d434eb540ad39b7
android-hacker@VirtualXposed,13804,vxp,122beb371519cb2d221ce06756361aaa30e2674f
williamfiset@Algorithms,13691,master,3a2764d8e1b0045ee10fefd1e1fe68e5f3da1510
baomidou@mybatis-plus,13632,3.0,77200290abf3a2340118a5e0bc0087ddb1f05e42
lgvalle@Material-Animations,13566,master,be755fe9ebe7f9093360e4263c4293de368da1c7
orhanobut@logger,13440,master,c64a72c2ce3d0fcdebe829b091e3a530c94ca6bd
mockito@mockito,13396,main,fcb4cf7bf3f38b0135b50bdc930d7532c7168356
Konloch@bytecode-viewer,13323,master,77521a23b241fbe969954fcf0646442aca911d16
arduino@Arduino,13246,master,43b0818f7fa8073301db1b80ac832b7b7596b828
eclipse-vertx@vert.x,13226,master,bb5c9e7a660ca21a6ee7168ded8ffb8b27de6077
antlr@antlr4,13211,master,aa1f1f12a846846fcb78544bdb2ad135471376db
apache@hadoop,13015,trunk,37bff63c0ffa506cc8b13bee9fd3ae5b9f3075c9
deeplearning4j@deeplearning4j,12664,master,af7d725004805b0447094ef78bb3338581b005e1
facebook@stetho,12590,main,7c4dc8de4deb28c012b199ef52b9b5c7ad626793
greenrobot@greenDAO,12552,master,2611b1c8d220953c1308131a225a0cf41dce3d1f
thingsboard@thingsboard,12535,master,4cc7e7b373e55aed49df7df7f97813700dabe2fa
ben-manes@caffeine,12524,master,3d07724470268a5de4ebbd6b2ec98a3addd04537
pinpoint-apm@pinpoint,12441,master,c75e076920097254249cb38c848c2b9d2583857f
zhihu@Matisse,12339,master,21591aebe73a56435d84afc7b5cd50ea7ae2a6b8
daimajia@AndroidSwipeLayout,12264,master,5f8678b04751fb8510a88586b22e07ccf64bca99
GoogleContainerTools@jib,12261,master,1762f1a6c97356829d450bfea82725468ee696ce
Netflix@zuul,12235,master,8b326eb0bfb9ac2d4f21b6b4174a06d428d15938
daimajia@AndroidViewAnimations,12208,master,6a35c466d23e49c5cd174289ebe8d9ccdbc69044
apache@druid,12140,master,72c16097ac6c04915f0137a1a37fed19f597799b
sqshq@piggymetrics,11956,master,6bb2cf9ddbca980b664d3edbb6ff775d75369278
java-decompiler@jd-gui,11774,master,b3c1ced04e571fc316648d114ff0c8121e051d8f
apache@pulsar,11746,master,6cc30c93a05bb16b7ef62ffebc15ceb5e6efb502
Tencent@VasSonic,11586,master,59936beff656d4b5718ff6444d6c5e001a2c5231
projectlombok@lombok,11559,master,731bb185077918af8bc1e6a9e6bb538b2d3fbbd8
google@guice,11546,master,d6997b0ad0a027b0e6b7216b4fb24eb0e7b979cc
Netflix@eureka,11539,master,ed0da19ca1c049c87e3dbf75b6015c1861d5c2d0
Yalantis@uCrop,11351,develop,63dda2e17138ed1b6b91a1dd83224452e7c51f6c
realm@realm-java,11338,master,8ed5f3e5e85d6f54003a5baf74b069935cc19d62
codecentric@spring-boot-admin,11281,master,cf249cfd92a6777c2138c65efbb0efc2c02942d4
androidannotations@androidannotations,11159,develop,0d24f1b64dd6b4c27d9a77d3b771a129a59b5b4c
jfeinstein10@SlidingMenu,11152,master,4254feca3ece9397cd501921ee733f19ea0fdad8
permissions-dispatcher@PermissionsDispatcher,11048,master,74b532bf1fe430fb12ad8414b80399f2d7cfc954
apache@zookeeper,10890,master,90f813ea38a85ff2715662bad75f9bb6387fe4a6
quarkusio@quarkus,10879,main,25e76ccbac31caa7660e6806be0355896cff848c
alibaba@vlayout,10828,master,00d6be0a1fa89c2f54ca923d2ea2e34d279d289e
redis@jedis,10740,master,870897d86f2d655d330c7066bee3606d3a4f8615
H07000223@FlycoTabLayout,10732,master,528fcffe88d54eeafbc85ffd1ce375df043b3a28
lingochamp@FileDownloader,10657,master,6237a8cac174bcc916e4342b14ab1ab72a5768d4
android-async-http@android-async-http,10645,master,018a0b8d96a0dd569de9f8128cfe5d030e0423ef
janishar@mit-deep-learning-book-pdf,10623,master,4db1f780246f7753007d25c9453b19f342f79aa1
code4craft@webmagic,10573,develop,5d5f3bf20e08e37b44b2807021b056cbc696a5f9
neo4j@neo4j,10542,4.4,9292aebebe6efa9ed1d53be14e1b1a5d558def4b
lipangit@JiaoZiVideoPlayer,10425,develop,3db479b1a816965336fa5884708037a0a2971c33
tbruyelle@RxPermissions,10381,master,fd2b50fe8c11f4c62122d78ed4eda51463ae2fdf
pxb1988@dex2jar,10303,2.x,e938cf0b654f9a2d48f2e25f9f7b3a0341ec002f
JakeWharton@ViewPagerIndicator,10201,master,8cd549f23f3d20ff920e19a2345c54983f65e26b
aosp-mirror@platform_frameworks_base,10140,master,a58ffe37910371e4df3386ba796b652aa0aa3452
zaproxy@zaproxy,10110,main,b4a763fd22d9470188446be4a7f62797bc3eb781
grpc@grpc-java,10100,master,47ddfa4f205d4672e035c37349dfd3036c74efb6
google@auto,9911,master,3659a0e6436d3acfeda04e0bd1df3603f1e7ffac
theonedev@onedev,9892,main,5262e7b9f6ff515ad812b464c70b4ae0758c2dc7
square@javapoet,9890,master,86d478ba7c9c8aa815e05caec18e23a119519ca5
jhy@jsoup,9802,master,eabfcdd25d3d1604baaa78d585ea671540a45adf
apereo@cas,9780,master,cb8b24ca4e665f0ccaf600826053f8aa9b8c2371
YoKeyword@Fragmentation,9728,androidx,0394930a3e2368f210df31f2632fb89b9c44e121
wasabeef@glide-transformations,9714,main,d950f0c33f27f864e4ab4b26fce66c27079911c1
clojure@clojure,9706,master,5ffe3833508495ca7c635d47ad7a1c8b820eab76
HarlonWang@AVLoadingIndicatorView,9661,master,841f98d230b14f0617e541a8b421f8dd96acd030
liaohuqiu@android-Ultra-Pull-To-Refresh,9644,master,46fdc861243a3d90dca1f5d31f3c82559ee9e4fa
ksoichiro@Android-ObservableScrollView,9620,master,47a5fb2db5e93d923a8c6772cde48bbb7d932345
googlesamples@easypermissions,9574,master,2b2b5c40d11caf601c89da0af995f57772a2e52b
questdb@questdb,9544,master,fbe64151b84ffeeaa4a83cff33b965cbad332338
umano@AndroidSlidingUpPanel,9440,master,45a460435b07e764138a700328836cafc1ed5c42
pockethub@PocketHub,9425,master,8228cb8f7197a7c2227e67ee48a2c8dc843fb553
TooTallNate@Java-WebSocket,9392,master,aad665473a7c31f8e225b5d9741826e12b0fbec3
perwendel@spark,9391,master,1973e402f5d4c1442ad34a1d38ed0758079f7773
MyCATApache@Mycat-Server,9339,main,77d409aceb6b9ce853a8ae585b8589e3d246707d
apache@dolphinscheduler,9225,dev,04aa125ba2b7762ccee5e9ee80ad14f3fe83caf3
koral--@android-gif-drawable,9203,dev,0bd8fafa23c25bafe02e1e4337b4bc4079eb9172
lzyzsd@JsBridge,9113,master,07a2843fc1422dd7688e72be15d42dde4898ef89
OpenRefine@OpenRefine,9085,master,14ec7e747670e4e2a0084258b875eb3cc291b161
navasmdc@MaterialDesignLibrary,9070,master,7271050ff486cc4038e13f02b10a28aa4cf5b8cf
Activiti@Activiti,9024,develop,e5b8be769b1f1d2b9195953e676a56ded11cf39d
asLody@VirtualApp,8964,master,097a9fac6e504f3a1e752d704ff97d526ac7d0aa
nathanmarz@storm,8893,moved-to-apache,cdb116e942666973bc4eaa0df098d5bab82739e7
laobie@StatusBarUtil,8786,master,8bc86216b7538e8bf70de721d7415226d47bd5dd
didi@VirtualAPK,8761,master,b1a778a06688f89f574ec8608f0764eadb9009b7
chrisbanes@Android-PullToRefresh,8751,master,3bd8ef6869c3297bfe874d2f15c2ee53c3456e99
stanfordnlp@CoreNLP,8689,main,f7782ff5f235584b0fc559f266961b5ab013556a
Justson@AgentWeb,8679,androidx,5ee0585dc0a38f1075f80fa2b2bc9c66891c54c6
android@testing-samples,8658,main,71cd0581ae38830e0c71c59da5eda5e895f40530
jwtk@jjwt,8640,master,a85815351806a35461d951d41fcc3c2ce14b7904
chrisjenx@Calligraphy,8609,master,085e441954d787bd4ef31f245afe5f2f2a311ea5
alibaba@COLA,8591,master,9713cee1f10b67370d4aab96b6580705a59c3939
Freelander@Android_Data,8550,master,df3d108a95de1a6b7198fd14fd7234b62af19b16
cats-oss@android-gpuimage,8533,master,ceea576ec931c2968431ad46f1fb2e6d68a542e2
roughike@BottomBar,8433,master,885d70e62359d15ed17dfd77a28809702d6ae513
facebook@buck,8415,main,16dc4866c20e807451a1762eb98776814c545e6f
OpenFeign@feign,8391,master,f8a46ae58bb8c26cf9e0f777ea165e2c0f103655
airbytehq@airbyte,8381,master,5361f143226ad6fa34308da9c23208071a3c0a5f
junit-team@junit4,8378,main,80838a508b8875080c1b59d04f14ebaf74908af0
resilience4j@resilience4j,8353,master,63ca984f9bf94beff574ad08eb989013f15fd7be
cryptomator@cryptomator,8351,develop,01a6475d5ff94b35362c12fa464db6726196e830
dropwizard@dropwizard,8304,release/2.1.x,fe9e52a008be52c72c1e9fb1272af3acbb471e43
ybq@Android-SpinKit,8304,master,aa83e4d0a42c76eae15e8b18b79aa2a231cca5f8
firebase@quickstart-android,8255,master,a24cbdfb5e41776f5c5a999ca29b3aa3962a7030
florent37@MaterialViewPager,8206,master,e2fb22e0ad95b00934c3d73cd1031c1cd5b407c1
ionic-team@capacitor,8157,main,aea5310024349997858786ac7cda0a9e51af0d0d
shwenzhang@AndResGuard,8108,master,afa1d238e97323ea260ff355ae18066012d4a0e4
alibaba@atlas,8072,master,c20c5b83f67b9a14fb597d59a287ec7a3e5bdbac
amitshekhariitbhu@Android-Debug-Database,8072,master,94efb5a7b0f22ad9ad2c4d650367952efd457367
airbnb@epoxy,8043,master,db4f47ab8e59c9cbbb1de790c52218fcd8d58bb9
ChrisRM@material-theme-jetbrains,7907,master,4b3683f00cf2e0000a627ff05d80f38748f0baaa
guolindev@LitePal,7902,master,8ad8322cc6f808e6d6beb7ce4b13d12e8360ce45
HannahMitt@HomeMirror,7894,master,566c03d3388e1ca0c818ca4be8bf8528a2f53c39
Netflix@SimianArmy,7894,master,e8eb9f3bad23962d03db4af936abeeabd8b4071b
signalapp@Signal-Server,7886,main,90490c9c84852ed05f65b26e10eff5cd05066dfb
JakeWharton@hugo,7847,master,50ee96dc07cda4277cd5ee59add847251c34604e
react-native-image-picker@react-native-image-picker,7772,main,7490cc493737cd03f881cddeddbac28d43987534
apache@shardingsphere-elasticjob,7728,master,fe391de9d28fec0df3172b49cf8d693a7a7c1fd8
trello@RxLifecycle,7703,master,0dabd1c4322ef320ebdbf2e0fbb16761580a842a
languagetool-org@languagetool,7686,master,248f461267d6dfd787cc751bc8c21e96b13a4b9d
google@tsunami-security-scanner,7680,master,886526f3f942be96fedf30ee01a0aa457cce17a6
debezium@debezium,7674,main,02f3360e3ab7ca2e994e1b46983f8560514b43f5
dropwizard@metrics,7639,release/4.2.x,c07beb434d17dfc648f343737cd0b4c041798400
apache@cassandra,7604,trunk,230fe8e64722ac02dbf8cdafb7d4fef120726dd7
yuliskov@SmartTubeNext,7603,master,27ff799c00c447cce334b3d56eb5ac6e16957f6c
aritraroy@UltimateAndroidReference,7588,master,899e5800ab16b53a7ab2b2f6a8f6664fdfd738b5
java-native-access@jna,7459,master,673079f3afae0b0dfeaa111071aeed909af5dcc3
facebook@litho,7443,master,8290daee970d743e86f45b7ec827ad69ab7361e7
json-path@JsonPath,7406,master,3f4900d6e7361cd21f0327c828dabf83fd188227
davemorrissey@subsampling-scale-image-view,7399,master,173e421fdbfa971fe8db2d943c1bd758ce679d24
barteksc@AndroidPdfViewer,7386,master,d243b39377f19c3eae41e227067da254ebbf731b
apache@incubator-shenyu,7353,master,d4247d7b2aa51f8839115d901e32ada52a337427
lecho@hellocharts-android,7348,master,c41419c9afa097452dee823c7eba0e5136aa96bd
supertokens@supertokens-core,7347,master,ae8f997b4003c922150a04daf4d66001fff0dff4
checkstyle@checkstyle,7344,master,7215503167e1254d0b06c8396256959cdef62418
vipshop@vjtools,7341,master,2f780edd504e7474b77f54665370a6a8361e3f55
seven332@EhViewer,7316,master,ba6d41b91f53b0835f73fb2903b5c4ff1259786c
koush@AndroidAsync,7304,master,9c19a278d54721fc0bbdace942c4db4134b363d1
k9mail@k-9,7298,main,e120b551d96ad6136ef3f8a7b43c874e25e095d2
square@dagger,7296,master,0fa73e0ee07015f191c25b1f3fdf7048321d1610
google@agera,7266,master,04045ccbf41ac5fc6806724127b33cbe0dda372c
Bearded-Hen@Android-Bootstrap,7265,master,b3d62cc1847e26d420c53c92665a4fe1e6ee7ecf
pedant@sweet-alert-dialog,7259,master,770bb183fb4fc7311b60392b470c508a0a4df16e
SonarSource@sonarqube,7255,master,30e6c8d94430d7087f14196032d77e3034262e83
cymcsg@UltimateRecyclerView,7243,master,eccdbd953869612d758bc1e7e65068c71d3f0f12
leolin310148@ShortcutBadger,7222,master,6d4ce808b0a1abe0ac31dc93d46a78ebecdebfbe
google@android-classyshark,7188,master,a5fbbc83de8b5964d95ecd3fb9d2ee75ca5dcd76
spring-projects@spring-security,7184,main,452856132694e3872698f9b7625f0b4b86640b54
JakeWharton@ActionBarSherlock,7139,master,2c71339e756bcc0b1424c4525680549ba3a2dc97
LSPosed@LSPosed,7136,master,60cef9610726106b7f7da670fc3cca5019c6f621
kevin-wayne@algs4,7104,master,800d8809cac01e1b3ac11bf1fbd6f9ca01a331c8
swagger-api@swagger-core,7079,master,4072cb01d96ea2ef730c5d8894013819623bdb56
Qihoo360@RePlugin,7041,dev,dcb8bdec24aa6282eb7c8994ed1e5dcbe7887029
ogaclejapan@SmartTabLayout,7006,master,712e81a92f1e12a3c33dcbda03d813e0162e8589
abel533@Mapper,6970,master,737b3617f580d053736a84e55eef34b2c39293fb
plantuml@plantuml,6923,master,ab8d4f41183293be960fd2518cb226cefa53b51c
flyway@flyway,6802,main,c0e2e261c46bf7232114a62d761251d3fc15668e
NLPchina@elasticsearch-sql,6771,master,2806b904cd2a0f67572622fa9c064ded0d7ba81a
PaperMC@Paper,6771,master,25cd3eee99a96b360ab947fb78459045f29b2b78
naman14@Timber,6762,master,b53a7d54682e100acaefb41cd181b40f5db59f64
DroidPluginTeam@DroidPlugin,6753,master,c6ebf652e0f73aa0e5746766e117e51efaf41dbd
google@closure-compiler,6648,master,56ae527d131715ae64d70d2bdede271865e1eb79
TechEmpower@FrameworkBenchmarks,6632,master,5f78ab6046e82773f15b6db67a6b8531e33a2985
Angel-ML@angel,6616,master,0c3162d55a22dc97a4c657e66b26695a06510a52
gocd@gocd,6606,master,c3e668d955a97bf34c984d2c0e405a124a1459cc
yanzhenjie@AndPermission,6580,master,00bedd6a3a939ce6dab22885723699025c63377b
apache@jmeter,6532,master,6dec35fdf58a4bd075c37fdb574c5e6dbbeb5f3c
zo0r@react-native-push-notification,6490,master,fcf40a05175bb79fb5fdfe2ac31bb797bc5008bc
datahub-project@datahub,6476,master,46453e4b10cd0d290ab09c53f592fa80b5d85374
testcontainers@testcontainers-java,6467,main,b9f48abdee62fea8e94ca39ff5f18016646be9b0
markzhai@AndroidPerformanceMonitor,6452,master,ed688391cdf95742892ce61494736667cf5baf08
NanoHttpd@nanohttpd,6428,master,efb2ebf85a2b06f7c508aba9eaad5377e3a01e81
GrenderG@Toasty,6413,master,1d9a280da12a1182d4d132a038122d4817348d62
karatelabs@karate,6398,master,925eebb3dfbd7f3ac7a39d11ad43720107bf2a2f
apache@storm,6396,master,5e110961a31a6fa33c9c0b54b84aedfdc442593f
trinodb@trino,6395,master,aef32af28f88d08a8f91c26d8c3693ba67b1088e
react-native-svg@react-native-svg,6392,main,6a5242f00b38441dc29d947ffde852315e90d4fd
zendesk@android-floating-action-button,6379,master,639063555c5416e0d38980f38a34130494a30fc5
LawnchairLauncher@lawnchair,6377,12.1-dev,dbd09c73cdf2fee4d31b9a439c4927e7cc729abf
vinc3m1@RoundedImageView,6355,main,344228d5f8ad7dc6d5e351bd6c86263be7c31eb3
react-native-video@react-native-video,6338,master,8b09cb58dfd55d2a6351965be0de33ced994a136
apache@tomcat,6317,main,cbae1671687d29e63d5e2f3cc54f0a24671e0855
koush@ion,6304,master,2e48671fb865e993f714b5ffed16e82aed6d04fb
Graylog2@graylog2-server,6301,master,200a62deb737f560407c56edf54fd5ceadf1cf78
processing@processing,6263,master,8b15e4f548c1426df3a5ebe4c2106619faf7c4ba
guardianproject@haven,6254,master,1e070fb21bff3e7886fa8faf05863794bd0a28d1
bytedeco@javacv,6236,master,7175b795ae05fbbae46ce8e3d6feedb6005699c2
google@error-prone,6178,master,7db3f74884cbcf9bfd0f96826405c1aeb86c5d29
real-logic@aeron,6178,master,9fc9a9226109a8a0c4c0caa9cce4032e2f0f907b
ArthurHub@Android-Image-Cropper,6171,master,2a4a425668bfff1329dd5bfb1b80b0829bb4cc67
ikew0ng@SwipeBackLayout,6141,master,7c6b0ac424813266cec57db86d65a7c9d9ff5fa6
pentaho@pentaho-kettle,6127,master,ae19f4203451eadb8ce08602d4c714547a70d771
rengwuxian@MaterialEditText,6118,master,f6e9fa42213cda552764c2a63f93a1464fa91d04
rest-assured@rest-assured,6077,master,7a40b9c1cfd432d0ca9d4bd63c84dff180f3c44e
rabbitmq@rabbitmq-tutorials,6055,main,f8a31966bc96a1108bfbcb216de7d5f57e350b33
rey5137@material,6037,master,b06373bf1dca194811c6e5374f5380cf04cfc859
pedrovgs@EffectiveAndroidUI,6035,master,4249edce6180274156e5bcdf21191890f1c3b42c
google@physical-web,6034,master,12604319e99b6d6dff451fc5a58a13a271f1dc7a
daimajia@NumberProgressBar,6017,master,c63171bd053adcf287659e16440bd6efd834a795
AsyncHttpClient@async-http-client,6014,master,c959fa0483adb4a71fbccc5be94d8b6faa4f74be
sshahine@JFoenix,6008,master,a1be87d91d578e7799bc308b3b1bbe1d742a020d
singwhatiwanna@dynamic-load-apk,5977,master,bbd3bfa84c3a26cc89615a7539aef3ac4e9491e5
apache@beam,5974,master,ead2d2e8025874ad5c3f09ea0fda06caf027e18c
antoniolg@androidmvp,5961,master,b7056a68806f723885c4c0e83853b7fdfc34e9ce
mrniko@netty-socketio,5950,master,413ffc005fb775efe47f9e8dbff0f5f7f0248180
wyouflf@xUtils3,5945,master,c8e6fd6623e916ceb22ad37cd9cef2e5344ffc70
Alluxio@alluxio,5927,master,5de0314361277a76b4e48dacbe7dc7a9b1f63773
wasabeef@richeditor-android,5918,master,ce152b910a59c66863baa68b007ac67e6b9de671
opensearch-project@OpenSearch,5909,main,8c9ca4e858e6333265080972cf57809dbc086208
google@j2objc,5897,master,af7fac8dc89338b421f4a722da9952552602b24f
joelittlejohn@jsonschema2pojo,5868,master,2d55620ac925ff7406f2982a2c37d49a6697cd20
apache@zeppelin,5845,master,c74ffa262edd542f70d1917a7ef10fa7313e91dc
weibocom@motan,5814,master,05ac4c812c3388328b765371d9d70d5aabf140c4
prolificinteractive@material-calendarview,5813,master,04fae8175fd034d0a7131f8cb253cae883a88aa2
frohoff@ysoserial,5806,master,2874a69f6127fd3b3f078461741910423a6b1376
MinecraftForge@MinecraftForge,5802,1.19.x,526c13d662120d42c879c7b482095950a548b7bf
alibaba@transmittable-thread-local,5801,master,9ed3d23fbce9a6a60276cff362cfce79f2680541
flowable@flowable-engine,5777,main,e0e71204586436b908b27ebf837b9ced235963b4
MindorksOpenSource@from-java-to-kotlin,5771,master,e33e2d744ba459e076fcbd25284b059d50efa9bf
Nightonke@BoomMenu,5767,master,e20b5ea52d67679968c6950b40fb7430f574cb71
lightbend@config,5765,main,4458ea947a7a2a668bb811a122455f1f05975172
springside@springside4,5760,master,8950746bb53ce209b4cb5d2d1706712e9c6a0efc
Devlight@InfiniteCycleViewPager,5722,master,1038d36cec95c06c3b9b71223c319af7994b9d24
JakeWharton@DiskLruCache,5709,master,3e016356cfc7e5f9644a7a732fe0223e9742e024
JakeWharton@u2020,5707,master,af670f964a4750707d98cda31cfa95244eb3ec07
springfox@springfox,5703,master,ab5868471cdbaf54dac01af12933fe0437cf2b01
lets-blade@blade,5698,v2.1.3,b06620a26c415d27387bebdaedd29d74a6357f0d
google@grafika,5690,master,b1df331e89cffeab621f02b102d4c2c25eb6088a
mapstruct@mapstruct,5670,main,a5d3542c24419ff2a66132f3ce2bae12182e3ac0
daimajia@AndroidImageSlider,5649,master,e318cabdef668de985efdcc45ca304e2ac6f58b5
graphql-java@graphql-java,5648,master,4024420ace5d4cd44af3b9a035a8b35dee45be1b
k0shk0sh@FastHub,5630,development,fb7053da2079b624d6129ef81370a9d5774bcb9a
yarolegovich@DiscreteScrollView,5629,master,a3a22d76c38e28cb03b45629b93e4ac03ce6fcc9
Meituan-Dianping@Leaf,5628,master,86a6441d263497b9f9ee321de13422b9c63f0c06
JesusFreke@smali,5627,master,2771eae0a11f07bd892732232e6ee4e32437230d
dmytrodanylyk@circular-progress-button,5617,master,5be6b0ec2d89eae9abb7d8fb5b5197d60ba47733
nhaarman@ListViewAnimations,5614,master,23617960178fb5af3099c07996569cc305a40945
haifengl@smile,5609,master,caf8dda436dd7e316964e5bf858b9299f1c62218
amlcurran@ShowcaseView,5600,master,c8db06f8252354fd33564c2e04e49a72593f4322
robolectric@robolectric,5549,master,e28374430bde87c64f10992e7e411201dfe7997e
emilsjolander@StickyListHeaders,5523,master,cec8d6a6ddfc29c530df5864794a5a0a2d2f3675
micronaut-projects@micronaut-core,5511,4.0.x,3d7dc765538b63ccc80b14d88523c28425c0f3ef
sockeqwe@mosby,5498,master,c234625fdfb46ce7fe2a0695a6272953db20865f
alibaba@freeline,5494,master,818e5de64f630a4c506499d7208b761061cb9d1f
facebookarchive@rebound,5465,master,65f155c6cf4e7594da636b2ab5215067e24da6ae
amitshekhariitbhu@Fast-Android-Networking,5463,master,0fb7a77af0c1657c8de9ffe8353415a1d44ec68c
junit-team@junit5,5458,main,d71e4a43a9c14496f08c063fec3353e89ba68eb5
dm77@barcodescanner,5448,master,d036996c8a6f36a68843ffe539c834c28944b2d5
hanks-zyh@HTextView,5421,master,93d8d0d6f3ae09a84c75e3e10ec7a04d318cbbcc
jgilfelt@SystemBarTint,5388,master,daa0796a488b5480ef808aa6363d300675b4af83
evernote@android-job,5386,master,adec0ae13d20e43b4d5dfce7e9eed7a07f98ae78
Vedenin@useful-java-links,5357,master,7de744638fdefb826bc0b36866c36f4401c08c30
apache@dubbo-spring-boot-project,5343,master,09dbae33ef54adb81286e773de24b250574c848e
evant@gradle-retrolambda,5335,main,e286096796ddc39f1b24c9c00834978536247656
XRecyclerView@XRecyclerView,5313,master,881c18e09b3db3f04d3c420596b1ef1ec4535e45
crazycodeboy@react-native-splash-screen,5302,master,b47197626804a742b8569cad50d5e0ed92fc765c
commonsguy@cw-omnibus,5293,master,f2ffeb687d002f4a41b52a6ef5bb2580eb6a4ed6
scribejava@scribejava,5288,master,fcd3f46ee27bac14984ce500cd6b344273eb0b09
wasabeef@Blurry,5287,main,d53d019cffb630452be88215781ac4c410c543f2
yixia@VitamioBundle,5271,master,77bd421e6ae874943291867edde0a371fe09fb0c
quartz-scheduler@quartz,5266,master,ff348f62ece41275555b45dba5a4073c910fbeab
confluentinc@ksql,5260,master,1a1c91d22e332e85f5622f31745458c172b33aac
lucasr@twoway-view,5258,master,e563d319c9166a3d039ce43d5f36df67c1e8fc5a
journeyapps@zxing-android-embedded,5241,master,d09b7c76c3124fbfbd096a65d60b1997f37ff90f
h6ah4i@android-advancedrecyclerview,5237,develop,5213b003748cc2010d73d8c6c3193deb2bbf023e
raphw@byte-buddy,5236,master,9a818565255791fed4d88c369a4dd3938693ff4c
btraceio@btrace,5228,develop,d5291363de6b90a75826cd941361664023f9774c
Clans@FloatingActionButton,5224,master,d3feaadabb8e4780e8bca330f4f67b94f21e1796
CameraKit@camerakit-android,5220,master,282feed6f548f045cadbe0f1cc498faee1ce4381
Yalantis@Side-Menu.Android,5209,master,b83ed828a0c792d3f6ef08d4529e075c646a4e7c
KeepSafe@TapTargetView,5208,master,e08def0b4188c365ec7dfdafaeb292efbc5a3f29
xxv@android-lifecycle,5205,main,63f51c67cef4e2da48dcce498b102af74b8c5bde
square@otto,5198,master,2a67589abd91879cf23a8c96542b59349485ec3d
thinkaurelius@titan,5197,titan10,ee226e52415b8bf43b700afac75fa5b9767993a5
wiremock@wiremock,5196,master,a137ab15acd7da4330418063be5514fbb15bf7c3
Karumi@Dexter,5183,master,59132a15efe50add52d43fe6c0f0d0092056c720
jOOQ@jOOQ,5169,main,532f1a54025b382638dc40e12b4e1dd752a306eb
hibernate@hibernate-orm,5130,main,e59a7366799c07bccde62b263c10889cd35e127f
alibaba@jvm-sandbox,5126,master,bb404460df67be41644867fcec675a480c0a1591
microg@GmsCore,5088,master,6d0702f080f0afef839423258ebaa36608ffd09a
hazelcast@hazelcast,5078,master,0b7c0f49c566cd4560eb72dc714defad52af73f2
careercup@ctci,5068,master,48950f46d346cd3472aa276443f20db6830ed9e0
danikula@AndroidVideoCache,5067,master,f02351be69cc3237893f0820253075cd5de97504
facebook@shimmer-android,5063,main,32b784bd9811588b4e18c4a613fdfa8ce384cd84
vavr-io@vavr,5025,master,48a3193bc0b33f12345c20b0b11f879ecb2b0aec
alibaba@UltraViewPager,5024,master,b65233e6d63f062345229d5eef9326136bde5eed
frogermcs@InstaMaterial,5022,master,6a8f6261c3633a1bfc09f95754c4300f42e5da23
wequick@Small,5018,master,efac42e8c6edf51705c761f0d4fcf7ae18c36d69
gephi@gephi,5014,master,40a92a83bd0bf2c3bd2d9baaf778cf35a4347153
socketio@socket.io-client-java,5012,main,ad3a930e346ad54acd8e895b01418f7b936776dd
cabaletta@baritone,5009,master,69ffdb7665937d929b8bf54f8fa15cfc0681bfd3
Trinea@android-common,5008,master,84350f7f3346eb96408509e011a78f53004770fb
mybatis@generator,4998,master,3dab4071aad176ce8de392f09bbb3b57089dc694
spring-attic@spring-mvc-showcase,4990,master,71d8c7e3432b226f09092dd13a7cfe2298fdd265
auth0@java-jwt,4976,master,1e38286a52936d7ccdae3f457369389ad7474b7a
orhanobut@dialogplus,4970,master,40dcdad57a797f7aa34460a0bd0e375d8a4c32a8
traex@RippleEffect,4951,master,df5f9e4456eae8a8e98e2827a3c6f9e7185596e1
rubensousa@GravitySnapHelper,4946,master,5336f036ff0b05fb1f80d555dabd6a85fca11586
Devlight@NavigationTabBar,4930,master,bd5d779548a002af24daf8c8a2b0cf0ee91531e4
google@google-authenticator,4913,master,51781910ae2bb1abf8ac51b290272f86f3651235
Netflix@conductor,4900,main,9e80c4af02c504072dfc775fb97430907bc1097c
Ramotion@folding-cell-android,4893,master,d8736d1bd5071dc61a36548e708fbd055af31ff2
ElderDrivers@EdXposed,4863,master,8f2308cdde0a8151a2b4b0151c58b203154a8c6f
andkulikov@Transitions-Everywhere,4862,master,226eb81be7f3e1487886594812f56a289ea3d72a
baidu@uid-generator,4842,master,2fcbc13d2016fcfb7648a18296951f6942215255
JodaOrg@joda-time,4838,main,872d993664e990ff54164d923cd2e338a5953ba9
claritylab@lucida,4822,master,3256bfa84be24eda7c988b1e61ed4cee0663410d
etsy@AndroidStaggeredGrid,4777,master,97739f6690a7676b62f0eb1246ae195ac98df4e2
Jasonchenlijian@FastBle,4759,master,c37ee367e24a6586aee9e184b31ee21c5c208a8c
kiegroup@drools,4754,main,090be011c90ae01b78c083830c87ee4a2deef818
saiwu-bigkoo@Android-ConvenientBanner,4750,master,985b3a1c27fefbb547376797082efb42b07d9052
lettuce-io@lettuce-core,4748,main,afeb1e70eed7c3c49187e48318ea34ec9db81e1e
OpenTSDB@opentsdb,4746,master,a82a4f85f0fc1af554a104f28cc495451b26b1f6
google@cameraview,4745,master,68947cc1643e7434250e099f38f346eae9c46339
lingochamp@okdownload,4744,master,cb6e20f2484927ef81728355fad3231bb87859a9
pardom-zz@ActiveAndroid,4717,master,08c6335cd7324c6e72da536b0c6fffa5a798f6a2
gabrielemariotti@cardslib,4713,master,d80384806cdffd2acc559bf1167251dcc797fa97
google@google-java-format,4706,master,198cc39e650fb2c744aeac80b6b834691a6b4695
apache@groovy,4670,master,837794caca5a26ce8493fda0d573cca072dd3040
apache@hbase,4666,master,5e251c49d01a45c177d17bac7ee4e923d2bd2df7
Genymobile@gnirehtet,4651,master,f5c0710c751f7ca82ce413058abc57d9af7208c3
spring-cloud@spring-cloud-netflix,4648,main,315a3802d3e0c567e66b2821a8936cf976a9d9ec
wdullaer@MaterialDateTimePicker,4647,master,f849a5c2704c974ba182fe4e2e205fa7f4fd395d
nisrulz@android-tips-tricks,4633,master,b6e6322e8c3492b039c0533685e809dad76cf5de
spring-projects@spring-data-examples,4627,main,e2b388e6b9ffe982d8ed215c1d152d7ac1e1338e
jgilfelt@chuck,4623,master,152f9a79f94ea23e9f0542137765961918909a76
sofastack@sofa-boot,4621,master,620f9e0a09b5710cfd944e1470da178a89b09659
JanusGraph@janusgraph,4620,master,ae07bbdcde56267109b456788b66272cabe40763
spring-projects@spring-security-oauth,4619,main,0344de8cc75055742f638b1e476a646a6f5891d9
square@sqlbrite,4613,trunk,d4cf6ef967452f19a508e14b7c46f64964f8052e
youtube@api-samples,4597,master,07263305b59a7c3275bc7e925f9ce6cabf774022
go-lang-plugin-org@go-lang-idea-plugin,4595,master,e73dab44213ffa76b3d6a853aecb109929c3e2b5
kyleduo@SwitchButton,4595,master,0e1f9c683ab985d8dab9c09149856af5a9535cbf
jankotek@mapdb,4591,master,7aabec8d3f22010be78353906923d8fbae173f99
danielzeller@Depth-LIB-Android-,4578,master,9e37df71dc7fa6ce2a7db241b8fb52ab192db1b3
apache@camel,4567,main,b66a36ac0fc8836d4e28182380f540dd7442eab3
romandanylyk@PageIndicatorView,4559,master,b1bad589b506add6842cc44ef6f2ca7e561dfebd
deathmarine@Luyten,4557,master,64af8d1df1d2cab029779142726fbcd8bc482956
Flipboard@bottomsheet,4542,master,2792f24d60a19e0948ff0e9977ea6ccff4a6a35d
jdamcd@android-crop,4537,master,f4b2d25a0508f45b1b961064a9b3e4a8ae30227c
orientechnologies@orientdb,4517,develop,869ea7ff7d532f2b141275b7687bdc129af67771
AntennaPod@AntennaPod,4513,develop,892b499687f8d394fd9380b05168924e581fca97
JakeWharton@NineOldAndroids,4513,master,d582f0ec8e79013e9fa96c07986160b52e662e63
apache@hive,4512,master,1f22b1c36cf03ff7b2a070edc79f8f2dd6c6b3aa
jeremylong@DependencyCheck,4510,main,91e3c5520a5ecbe31a137a4b5ba2c5a99c4c2678
cglib@cglib,4501,master,5c947539c1218dc4ff1a14a7c36b4856b0ee6397
reactive-streams@reactive-streams-jvm,4490,master,944163a4b2477a2bebaaada86b0ba910b6302f2f
android@views-widgets-samples,4472,main,f22069a57d5df0b58ce0be08086c3e9db35870b8
puniverse@quasar,4460,master,db0ac29f55bc0515023d67ab86a2178c5e6eeb94
alibaba@dexposed,4452,master,d1082567d6dc1de814b9ed2e9a3a63285a552bf9
firebase@FirebaseUI-Android,4451,master,5b6c9f01f5a674d754d8e9b1242197fe040086e7
bitcoinj@bitcoinj,4444,master,6ce061c9d3b7c2928e8c5450ec62898ae13dd96e
natario1@CameraView,4442,main,ae3f3da0e19fbf93a19e242d1d461fc6107592be
castorflex@SmoothProgressBar,4438,master,c620eacc77d55d7039dc13c8fb29cfedb9cf09c3
square@android-times-square,4435,master,a1a8f2b50a9a8311a64237b9f6a814ba22b6be13
huanghongxun@HMCL,4416,javafx,68a894481056209dc60cc54d2661ba9f2b3b59f4
javaparser@javaparser,4398,master,987ab2ae4ef88355d8122b4a643cc3644d7f20b7
MindorksOpenSource@android-mvp-architecture,4388,master,c9ef181d766627348748e4c3ed7ff74f94e34786
coobird@thumbnailator,4366,master,3116eb424f89946949ca54fb46633c83906b0e32
Netflix@ribbon,4342,master,7a57aa9aa85dc8b95e68fbc2b04613c2666d77a1
web3j@web3j,4338,master,0c968d580c769504ea1227f7886ad2714eb7fea9
yasserg@crawler4j,4333,master,68f5c1e4fb86542e74d31c0bcb4b1ae14ba2ea71
Ashok-Varma@BottomNavigation,4332,master,4144f98787a2bca55ccdd3c19372e00a75e75b68
Col-E@Recaf,4331,master,ca07fc05038ec8697a863bf471bdd244adbfb8bb
reactor@reactor-core,4328,main,edb0adebc72c9d132467c8defcc5ff405f0980ec
mcxiaoke@android-volley,4327,master,6864be3efadf3a33793228c0ce721a72d7a78731
Tencent@GT,4311,master,6e115aa7927441a7348f747b1316d5f4c4b4241a
apache@ignite,4305,master,a3804cca6bace0d85bdbdf28bc7c373e8ab71e2f
apache@rocketmq-externals,4302,master,f59289a0110b1ae3200fa4b04fdc2911575d144f
meefik@linuxdeploy,4302,master,d2f1af07a2f4880eae7da0d33b79691716ff9883
ronmamo@reflections,4294,master,8e7a5fbe683e4783e878b8c0350d325340257356
robinhood@ticker,4286,master,856935b4c8a535431b28f80b23ca9c39d88d35a9
brianfrankcooper@YCSB,4281,master,ce3eb9ce51c84ee9e236998cdd2cefaeb96798a8
aporter@coursera-android,4279,master,157373885fbfa18b83fa97cd46f6a003905970ea
apache@pinot,4268,master,46aa54139fcbdab36851dcc2c4349d8ccfe3da79
Meituan-Dianping@Robust,4247,master,955adcc21e4fbcb52054a8f7f4bbb11f462aeb2f
airbnb@DeepLinkDispatch,4226,master,64ecbf3afa9cbd9943b05646a20e2289c92d780b
cjlin1@libsvm,4220,master,324612f915bc5e694231484d26f5abeaac58f4f9
grantland@android-autofittextview,4204,master,5c565aa5c3ed62aaa31140440bb526e7435e7947
codingapi@tx-lcn,4173,dev6.0,f8ce807b8a820cfb4e8290eec132fa4e3e8da3fd
ChadCSong@ShineButton,4167,master,b8834976e918d61fa942c45b53043cb3c397ad93
citerus@dddsample-core,4158,master,8c1b7f90eabf9215c61f57dff963d57dab3fee0e
azkaban@azkaban,4154,master,5b53fa0383f08c5dc8a45c8c25cc25a33d676674
stleary@JSON-java,4150,master,98df35449a93738be2d69d955fb805fa416c6f0a
iNPUTmice@Conversations,4144,master,6e562d4cf906e50a793bb0a968028dc197051ebf
phishman3579@java-algorithms-implementation,4131,master,f2d115704691e8e4f6cfe490231d0adb0c3ce7d0
pedrovgs@AndroidWiFiADB,4125,master,c54f1e8dba380c0d595cf70267f385362f0d4f14
bisq-network@bisq,4121,master,cc8fe09d875c358bfff73dc3d4c735975d693220
beemdevelopment@Aegis,4111,master,c58b77387865d8d9327490228eee314c661aa571
baoyachi@StepView,4110,master,1b90467e03e17722abc3525b6c1e6d8695df6f63
j-easy@easy-rules,4109,master,d4450831533e47a5c0cb361edb80dad43db228a4
TeamAmaze@AmazeFileManager,4104,release/4.0,45e82bfae195249cf1ac36e32843af0fc08d27b8
objectbox@objectbox-java,4103,main,03125e92ad2432c9962c36a96a457f10e1446a97
vespa-engine@vespa,4097,master,27f3a824c6fce4a829a36e7834abeb087afeba7b
rstudio@rstudio,4094,main,cdf5e2a86656623fef0f676a64f21343c40d913f
obsidiandynamics@kafdrop,4092,master,534b0ab5c2bf50ae5b45ea8f24914a9227bd4737
ongakuer@CircleIndicator,4092,master,7847a2262f109127e4e03ca77f56253c2b128ad4
ThirtyDegreesRay@OpenHub,4088,master,fcb9b422e8013169e2328a6e09c675ce11a27ad6
alibaba@Tangram-Android,4086,master,e8fe44d8aa0fd124afaefe945e65da3df9c9244c
chewiebug@GCViewer,4084,develop,d74690e06dda2abaab74ca8426a932ba8e87166e
androidx@androidx,4078,androidx-main,88a4f45242635fe72bf40434d017eabae7cf499b
dreamhead@moco,4062,master,a578fcd2bea1a9cab9d89372bcdccea80513a29e
react-native-webrtc@react-native-webrtc,4062,master,eb3dac8abac3207f6237afe0fa2199f5c6e54418
dinuscxj@LoadingDrawable,4057,master,db4ceb6b90cabee18f33f89e04f6bb3a7a0b1f64
rubensousa@ViewPagerCards,4054,master,75d8004b8dfcf34f17629f73a0c0c116bb487bce
CalebFenton@simplify,4048,master,29fb25d624aecf0b075dea5c6029b2541474ddfe
Yalantis@Phoenix,4037,master,50728bc07b84c44863438128cf72b434c00bb1c9
pmd@pmd,4035,master,f54ca8b364bc6aae92b67ed03c69e5162383d811
makovkastar@FloatingActionButton,4026,master,06efd32191812222ea567fe8ae133309112e917f
BoltsFramework@Bolts-Android,4011,master,54e9cb8bdd4950aa4d418dcbc0ea65414762aef5
JSQLParser@JSqlParser,4007,master,4863eb5a8e30a5d0af68518fc5385279d11ae7a7
querydsl@querydsl,3997,master,cd608f04ed7534b1b62a78a28beb141071d149b6
line@armeria,3980,master,f6c4debed749f77d71aec836e98bdffef6537273
Manabu-GT@ExpandableTextView,3980,master,b3b81486bc45d2e94440d6d4395b2030b8a83996
Freeyourgadget@Gadgetbridge,3969,master,96a8785ed554166307e7ec72391ffff16ccef708
LWJGL@lwjgl3,3968,master,79c0c6969c0518d76327322e23d664d516f9dc1c
tiann@epic,3965,master,d9782997ef14d07c9efa2ef58f6ef57ecff92843
apache@incubator-seatunnel,3960,dev,26f2437c358d252372255f057f829a2ffe2577e1
hussien89aa@AndroidTutorialForBeginners,3960,master,c259419acc9110a7bb7fbd8a65f9435148604ab7
apache@shiro,3954,main,0d27bd0172c3e9cd53528ccf000c8fef0d5f8e24
bytedeco@javacpp,3951,master,81252dd2822d2bee3555bb4c094a78e94796b4db
runelite@runelite,3943,master,8d407acfb75f2a61dbcaf0bc3e7fcf861af70939
alibaba@jstorm,3937,master,5d6cde22dbca7df3d6e6830bf94f98a6639ab559
oblac@jodd,3930,master,64789830911f722d4ed0330edb95ab0bf9ae41dd
powermock@powermock,3914,release/2.x,a0be5c4bbeb04f13a6aec2653c1f5663cece1316
JoanZapata@android-iconify,3912,master,faa8c541398e2b38a3c800c93017131fd078cc01
dromara@hmily,3909,master,17ed6c238b8d8813a3057c9f470524c8c987bb1b
eirslett@frontend-maven-plugin,3900,master,ec9f8050bc4c4014bbeb1ea84ae92e11682d9764
remkop@picocli,3900,main,50983419faf1e8f22d7cdd506cba4883ed617f18
Fuzion24@JustTrustMe,3896,master,861c5faffeac1d3eb11323362db3256c66444dc5
spring-projects@spring-authorization-server,3896,main,3aa8c6b03a80a2cca2e541f37cbe2eb44dd1300c
Piasy@BigImageViewer,3894,master,9cc045e8146dc8833a487576745f17158bae4a4a
orhanobut@hawk,3891,master,0d22dde128b1ab5f50ac20d802db79cf402aa150
mock-server@mockserver,3884,master,829340399aa1ef5833d69ddd107ad13a10dec7bf
graphhopper@graphhopper,3864,master,37380c01ac115b2fd11f4293b964eea3fde64c79
aurelhubert@ahbottomnavigation,3860,master,9241f2a1d9f2321d9fcc1f98e2cdcbea5ddd0ba4
bluelinelabs@Conductor,3858,develop,bd584727be913e520baae21cc8013cb5e5d60f11
failsafe-lib@failsafe,3832,master,ab32c5424acc9c4cfd004c2da437f914edcc06ad
microsoft@malmo,3814,master,b59258d812a2600c0c615358684fcf660d83455c
DiUS@java-faker,3809,master,a8b8ff0acc6fcc629d08a3a9952f83be56a9a3c3
MiguelCatalan@MaterialSearchView,3806,develop,53e163c90da5d25b0d88aa182f91027487bee043
roboguice@roboguice,3805,master,d96250c41149e13a159d26a532365c3f7034c07e
databricks@learning-spark,3803,master,6b34161e2c1351500784a0d500c664c90846cacf
traccar@traccar,3785,master,78a0df7befc84b7d138b403b137f26f9df379c3d
PowerJob@PowerJob,3773,master,dc98f5f37a9060eacf2e5a3baa47eaa9fb009348
spring-cloud@spring-cloud-gateway,3756,main,8a6dc328b87bde6a9931c50aeda9009d3ad7926f
mik3y@usb-serial-for-android,3751,master,5bb8db02d5a6f2db32522ce602a6dd7d791de083
timehop@sticky-headers-recyclerview,3742,master,f5a9e9b8f5d96734e20439b0a41381865fa52fb7
jitsi@jitsi,3740,master,8169c709f1e2f8f6a7374a9902db9f7d82af4156
lzyzsd@CircleProgress,3735,master,8ecd5b87d747f5a486313b0f56e4f197b13f93de
code4craft@tiny-spring,3730,master,2e0a2ba49c703f33fcca359a97af86094b4ded0d
alibaba@dragonwell8,3726,master,b0b8f7d7bc3c691bf8b0a10983f6c7a8a026d7e5
CaffeineMC@sodium-fabric,3726,1.19.x/next,b15f95bd7f5bb0384c2ed638062b20680fc2e514
alibaba@QLExpress,3723,master,d88691ff66e602efc632fe3e5b5b46d3563c77ca
oracle@opengrok,3723,master,aa5e7d1514dd07cd8985ac487a9b7e2b4edf146f
willowtreeapps@spruce-android,3715,master,06924982d71c5fa73582678e4331a3f88e0b92dc
google@open-location-code,3714,main,817c0086479ac263d328f903605db8233a018546
amirzaidi@Launcher3,3711,o-mr1,5605dd10845b2ed841cadaf3dddcb0205c057c60
mybatis@spring-boot-starter,3709,master,0e5420eb062834c7cd988fadea29f49d699f57da
killbill@killbill,3699,master,c9ca6ca5d5f3310205d6baabee372bb2e007cdea
lygttpod@SuperTextView,3690,master,fb5fe50581cdacc1acbd36001012e8cdf9b7d072
jboss-javassist@javassist,3677,master,700be6f6f9546e8af049b1a763ce27f1fde5955d
apache@dubbo-admin,3670,develop,4a1aab6b9ffc09d234f70583c5ea5fe7796ef453
yangfuhai@ASimpleCache,3669,master,7935b04751aa57299cfb8b89e5b1e12a2d96e7cb
alibaba@jetcache,3641,master,64a083695c5dfc6e6244cf47d94800cba18910e8
andOTP@andOTP,3640,master,6c54b8811f950375c774b2eefebcf1f9fa13d433
ryanhoo@StylishMusicPlayer,3638,develop,f01f604a14527e1403fcf2f77f0bec5863d13662
rovo89@XposedInstaller,3635,master,8f8f2d7072d1f7b02f237e4ac864e767b7aa6e4c
apache@incubator-heron,3628,master,36f1cdb310e67862ee9c271fcbc0775502aea0cb
micrometer-metrics@micrometer,3621,main,343d330030531a804108436e1f1d76a56499ca30
sofastack@sofa-rpc,3617,master,d53562a30da55d9c00cbb2bfdc0d55b7dfaf2454
apache@hudi,3613,master,ca4003b78445d5be8b305b6f5ead90a76bfe361b
rockerhieu@emojicon,3608,master,c96c4a4f113b4403ea92d1f34f67fb8b9bd5c2e4
Ereza@CustomActivityOnCrash,3594,master,927fdc3d8de2c565deb648c4d9db9dbe75fe7b9a
Atmosphere@atmosphere,3593,atmosphere-2.7.x,7ed253ca8b4f804d4d4b9ca978043ea65fb223ed
CameraKit@blurkit-android,3589,master,f0d181a3850db20f495d5b2c7b825d1fd790d7f2
tyrantgit@ExplosionField,3584,master,3122cb6c5783218f1a08787e6a6241e6e745695f
stfalcon-studio@ChatKit,3580,master,d10cfe3393a9d6ce150e817b22b019dcd17c55fa
johncarl81@parceler,3577,master,52e6b14709eb0b84835907e71d9380124f3c6b6e
kikoso@android-stackblur,3575,main,35696424fcb1bbb561ad5a281270fdc5abd7f1af
google@rejoiner,3574,master,9c51c9d28baf6b77d8484d558d1a60ec897c7c68
knowm@XChange,3573,develop,037c1219da59676d1622725cb1c0978509c534c0
nytimes@Store,3567,feature/rx2,d810395e05f177f195e9808914f24aa70e622fcd
GeyserMC@Geyser,3552,master,e9b99b209814d43573e7c74712ccc165b9d6a1f3
lsjwzh@RecyclerViewPager,3542,master,912e64f3d1d11acaff42267985fb6364a53e4eb4
luontola@retrolambda,3539,master,fbd82c9a023b363a2cb38afd8dad3fd8fc134ada
arimorty@floatingsearchview,3533,master,a0f8fbc90d98eb1b629c6295dd2d3577412e7b1e
crate@crate,3517,master,08e4989fe6b071c0a2c7c9ddf4131332b95fbc13
JakeWharton@ThreeTenABP,3516,trunk,69ebe84276d439cc430888a7b5a2a4a9d37fefa3
liquibase@liquibase,3515,master,745d022e5c3d1d29057aadcb89cf0b6305bdc7d6
baoyongzhang@SwipeMenuListView,3512,master,b00e0fe8c2b8d6f08607bfe2ab390c7cee8df274
ethanhua@Skeleton,3507,master,6dc07d6a9fb9dfeef7ae6fcbc6e6699265f90f7c
strimzi@strimzi-kafka-operator,3505,main,7510365fb28bf23870f485c5cd36466c1a1cf29c
davideas@FlexibleAdapter,3504,master,844a07002c3d2f2b68a6b26a25e8e401777c73e7
h2database@h2database,3497,master,3c5726f4c68f49c093b3ad490b686fc3eefe8e54
dropbox@hackpad,3495,master,da0b3dbc3525cd3094c52975d11817ab30087ac9
codeestX@GeekNews,3494,master,4e761b6be2991e0f99a22b6c121caf021bb09b16
andremion@Music-Player,3489,master,f7cbbfe9fee7d2ec268d62eb25c901f72d4d1778
apache@iceberg,3476,master,8271791061e72dbf554028e477746e89fca9ec02
apache@nifi,3476,main,b6026f57095d00b1ef63f96eeed03d3fc8eaa861
wendux@DSBridge-Android,3475,master,22b19ffaf1538a4352f16134606d417aaab42dbc
lisawray@groupie,3466,master,635b72775b5690793fe67ba2eda9be2a20e70350
xcc3641@SeeWeather,3465,master,1e3485179a0d91eb8d781287b2f45518f0d50920
openhab@openhab1-addons,3458,main,f7c26e5361c1cfe0382817ce7310a624e4ce89a0
jagrosh@MusicBot,3455,master,b76f6fa07c0e09307a561e2a957cd98129b72152
linkedin@databus,3452,master,001ff16e9325694e8d833283f405058eff9cb7ef
eclipse@jetty.project,3451,jetty-10.0.x,94c6e63b761372c55021bd70f0da019243a8f73c
networknt@light-4j,3437,master,823a5cb171ed990b0732f559ada7b9ddb6c6ce21
apache@calcite,3436,main,defea67b80fe432c5a8f776718169a3595b222a8
zendesk@maxwell,3434,master,ce53800d3b4c9d193bb103e1ce023639b0cb9ade
code4craft@netty-learning,3429,master,73fd879a7dbc159a63157a6d91891b7e74783bbe
crossoverJie@SSM,3421,master,1c14460a95c23e2e57fb3fd25b445a0343cad5cf
oshi@oshi,3417,master,ab940abfd04f96ebc18ca3030e2e37c391bbd1b0
MovingBlocks@Terasology,3416,develop,f8f6f89e4e8f42efecc243ca5c7bc7851bc8a5ca
avast@android-butterknife-zelezny,3415,master,ad040deda488cdc2d4f5b104917b8310e25b051a
yigit@android-priority-jobqueue,3410,master,360c090857eb0f6efbdde04a7c8bb5cc31582eb9
jbloch@effective-java-3e-source-code,3407,master,bdc828a7af2bdfac28e3c38bd7d1a2ae05736ccc
jacoco@jacoco,3405,master,8a367e300688f923067c2af45f5e8785b8f80062
PhilippC@keepass2android,3403,master,50287025a0b93fe56f911826ad6002b2905b9abd
googlemaps@android-maps-utils,3402,main,e5d7ad98460c780ae0b8e08b4f0845418c1f5161
google@data-transfer-project,3395,master,ee83645814d26e8c28931017613924fd9cf7fe29
apache@kylin,3390,main,63f9ac6bcd0db005f10935d88747d39fc0819ab7
jindrapetrik@jpexs-decompiler,3375,master,b71b9dbbbf2ff0f37b135a004dc8cf7db9cb8c78
alamkanak@Android-Week-View,3372,develop,175c25cbe31a13c4352eac5828072e60aa1100ec
osmandapp@OsmAnd,3369,master,69bf5e8f833894a113c65231e051f08e52a957f0
ivacf@archi,3354,master,30f1c690bf2b60c904fb3c968884b113780d935a
killme2008@aviatorscript,3350,master,a248d80de28896789722005746fb4d79d32f4266
ddd-by-examples@library,3343,master,98d7004b5aef366ba5d661ae0cb544af1cfd33f1
DV8FromTheWorld@JDA,3343,master,5d13c14b4b14f776b5e93a148c7749ff3bbdcaa3
apache@maven,3330,master,79b6dd0babcb9865d20d32686ea2f65961f4718e
hmkcode@Android,3327,master,a301aa4b1b6b684978f15e7528507ac350aea3f2
rubensousa@PreviewSeekBar,3324,master,c14871151ccb91f283ef7007ca9f10e5bddf2978
iammert@ScalingLayout,3315,master,f19164d4c4e08f93ddeb9f40aaa39e2025d1b866
actorapp@actor-platform,3308,master,5123c1584757c6eeea0ed2a0e7e043629871a0c6
shekhargulati@99-problems,3307,master,7e120de6259b408eed8d1d17538b561a01bbfb9a
DTStack@chunjun,3298,master,dde645268f4dc6aa3267e9fa4f461035c1b31103
rubenlagus@TelegramBots,3294,master,7d5fa667c098bc15a9758c3ece44ee1456a5cfb0
flutter-webrtc@flutter-webrtc,3284,main,bf9edc8012d12b167cb06b900a5e06215000acd3
kevinsawicki@http-request,3281,master,2d62a3e9da726942a93cf16b6e91c0187e6c0136
uber@AutoDispose,3274,main,8d6a642619e73538e93126e15b36af2e0fea971c
fyhertz@libstreaming,3270,master,3a78d2219a4cf5bc972cdc59a8f84349fda277c6
spockframework@spock,3255,master,8b2edd0e117a28087314fd3306008180f70ced96
google@volley,3254,master,74115cfa9d4ffea1e3c23e22d29f46705ef338a1
chenBingX@SuperTextView,3246,master,3b22d57b8bbf367dcdaa9e6ba587286f3d67d171
PojavLauncherTeam@PojavLauncher,3245,v3_openjdk,0b5477fb5ad43944469fa4d8a8a96d0d566a8782
undertow-io@undertow,3241,master,4657721c8e523834a4dbfed2e7cfe5b027de8ed3
UnevenSoftware@LeafPic,3239,dev,cfec78746776ed4bbccf9387bfc3f6ba1bb2c181
ragunathjawahar@android-saripaar,3237,master,fe05e4efcb73460fc254891a42e603b4ca2c9118
VaughnVernon@IDDD_Samples,3237,master,9b27b11773f62afb5d1b541abf51fb36516a7250
bluelinelabs@LoganSquare,3236,development,6c5ec5281fb58d85a99413b7b6f55e9ef18a6e06
tangqi92@Android-Tips,3236,master,355b0a24f987fe81e709d9825417a97c6e30a200
alibaba@Alink,3234,master,f79c1489c934437d0e49d35be0df77f5f911192b
vaticle@typedb,3226,development,51ff2702a6c6d35701673b505bb1070601b6cca1
anggrayudi@android-hidden-api,3218,master,66e2373fea8cfb9dbea522743603ccd45ed2aca2
bauerca@drag-sort-listview,3215,master,c3cfccee21676149dfdf8e803c0ec2eaebc6b841
ikarus23@MifareClassicTool,3212,master,df13e9742909209a0c0b615458cb94a0c220ec76
eishay@jvm-serializers,3210,master,269fa2782b346d120b1fc5ea86b7326c45ccdcb2
yanzhenjie@AndServer,3207,master,d0edcd13e4a8579670e6ffde3ecc55ba31779b35
bilibili@boxing,3204,master,bd1eeff8405a74c201ca489d6f753e306e84d195
BelooS@ChipsLayoutManager,3203,master,af33b9c747119f266aeaf5ddafdc1d34a9e3c900
daimajia@AndroidViewHover,3203,master,7b1bc51b75500a761760fb6038c67adc4816bc16
eleme@UETool,3202,master,e7cf53394359d124a4dcf2f07b53cc7ae4830046
WritingMinds@ffmpeg-android-java,3197,master,6fd8356ff41c4443dc84c6f0bce478bf5d4c4122
awaitility@awaitility,3193,master,a56dce91b2abff03beb4773180ec6e5edb0117d7
jMonkeyEngine@jmonkeyengine,3186,master,8fe3577e1b6dd62b3a25ce1ed15708f018800291
uber@NullAway,3183,master,89c74f340b5a3a6cde64eadbd1ae795fec96520c
chrisbanes@ActionBar-PullToRefresh,3181,master,f347ef96c2643fecee7cbf671db05c0487666dff
RipMeApp@ripme,3180,master,4aec4634a86cec6e75cd4fdf0658d58baef8d009
react-native-share@react-native-share,3179,main,b4eec9598ac679c42892b173b771961c43587585
jfinal@jfinal,3175,master,e5cb8d1374252a8c0ed936ab29a0f29a35dbc69f
ballerina-platform@ballerina-lang,3172,master,7731cb3b43badcbea8df68b577dccc186cfda82f
immutables@immutables,3172,master,b511f4e5f246bf1d6aed006fd960ee2ed9549c95
trojan-gfw@igniter,3171,master,e0964bc5f4cd8c0c481405a1a38e9e493791c002
facebookarchive@network-connection-class,3170,master,7282817fcf890c9ace568d0cc260e51c83954d7a
alibaba@cobar,3169,master,bc36a14d4a3f8acc0db0b3b07a7db8d38afefda5
amulyakhare@TextDrawable,3168,master,558677ea316e60346948b381e5e274f49b00d370
dariuszseweryn@RxAndroidBle,3163,master,be3ee50938ebeff9db08f90a4e52c16a4f45b3b0
spring-cloud@spring-cloud-kubernetes,3163,main,04e7601f3c04330560612c0af95fc2f6ae3c4ac0
tronprotocol@java-tron,3159,develop,93df1888a823a7c2061f54ee477eaf7dd00e06c3
FasterXML@jackson-databind,3153,2.14,0569cca8f2c775e01b39457223e40ec9614ee43a
watabou@pixel-dungeon,3153,master,ca458a28f053612973d5d6059dae5f6f2ca4fcb7
ververica@flink-cdc-connectors,3152,master,ddd0680009bf8055543d1ec4616a74889db164ac
aragozin@jvm-tools,3142,master,7b8b9c4e3a6ad137a7f94be399a82c98d97e5403
nicolasgramlich@AndEngine,3142,GLES2,720897f99d2c56ba357e8fe361454bd8d88c37ed
airbnb@native-navigation,3132,master,9cf50bf9b751b40778f473f3b19fcfe2c4d40599
nayuki@QR-Code-generator,3131,master,0dbd3b2133180e55e6b5abc4eabe1b78abfc5cac
Red5@red5-server,3131,master,5959816b7e478b0c51e448347f4ebe64527fc332
danylovolokh@VideoPlayerManager,3128,master,3f37564f9f33f37d441c73e6112d776c19161c21
guoguibing@librec,3126,3.0.0,296082c072ce7d973ebfccde793e59062d8a3add
requery@requery,3116,master,7ff49330f3b20b7d2bedba6457b18134a7bdbef8
nextcloud@android,3109,master,50f3aee8f3cd78447174029229a2b33f15497220
java8@Java8InAction,3085,master,4786c46a24e2f7d0a749d34d585bb2c1d9f64c53
JCTools@JCTools,3082,master,9c39910767f9733cfc69da57c3abead16b1a3263
MindorksOpenSource@PRDownloader,3062,master,a2226e4e99a844db7c5072d44527ff70e32ef0a8
gabrielemariotti@RecyclerViewItemAnimators,3061,master,1a94e4e69217be8711c12edb6004163b169c00a1
sofastack@sofa-jarslink,3049,master,c84f885fda4a1d53345ae37606214e0805b002d8
florent37@ShapeOfView,3042,master,a42debe4958a88cc3cce849dfc83ea11cb4531e9
keyboardsurfer@Crouton,3039,master,7806b15e4d52793e1f5aeaa4a55b1e220289e619
mplushnikov@lombok-intellij-plugin,3038,master,272ace7f284085d36a5dc78daa2bf58fd31f2488
xmuSistone@ViewpagerTransition,3036,master,fa92d8296dbf22e4daef0fd2de7b35a587625ed9
Marswin@MarsDaemon,3035,master,dd04983a389d5db73e18849d8c48a5610cc1e27a
bitcoin-wallet@bitcoin-wallet,3030,master,586b1cca72f430730f290fe8f878fdc9881cdcc3
jgilfelt@android-viewbadger,3029,master,e08c3a78cb92c0c8587790b15e73434f972912cf
evrencoskun@TableView,3027,master,cf9c7f66e764aee2c6f30df816ca21c270ecd01a
jtablesaw@tablesaw,3024,master,33c55ecc684937c62ec09586ac855c13aa1834e5
dmytrodanylyk@android-process-button,3014,master,c08f374da24538b66f38b894b89d5d12f1df6d3d
sofastack@sofa-jraft,3012,master,a9c5b70c7b9eb78bac6e9475ceb938acb04e15f0
allure-framework@allure2,3003,master,ea1f2139f35431f36f13e0fe4f6d17d2746eb53d
pedrovgs@DraggablePanel,3003,develop,6b6d1806fa4140113f31307a2571bf02435aa53a
jd-alexander@LikeButton,3000,master,42cc1ec18c72bd3b3efa7e7620fb073b2926ab0e
ZieIony@Carbon,3000,master,95a94bacdbad092e6a49b3e0aee09c7eaf04cdb7
facebookarchive@react-native-fbsdk,2999,master,b8ed568b05f3e41e6d6b937ae3125492f95e60bf
Mojang@brigadier,2989,master,3c773a7188e758052b099b055b32a20f75ac45c1
charles2gan@GDA-android-reversing-Tool,2986,master,b6d03dc7f393c6a224289aad81fb72324eaa078f
KeepSafe@dexcount-gradle-plugin,2985,master,81dbefd774dab3febe88f56a1d7ece2b2369f12e
lovetuzitong@MultiImageSelector,2984,master,bed718f773a637d6f3c6e6bd8ac316cd03404b8f
spring-io@initializr,2984,main,69faa5e61d249a0afa0bd4d9a5fd44b7a45a9298
yui@yuicompressor,2983,master,cf0497e53fffe4ddbd50e71518c40e0c07d120de
yarolegovich@SlidingRootNav,2981,master,331e2aaa6c72933bfd0401b026efe2761c1a9c00
stephanenicolas@robospice,2978,release,8bffde88b3534a961a13cab72a8f07a755f0a0fe
angryip@ipscan,2976,master,7a806c9283606d2a5c1ee4669c131484e91ce09d
eclipse-openj9@openj9,2971,master,53c0b4dbbab04bf4d7d0257cbbf941be991c4e32
s4kibs4mi@java-developer-roadmap,2970,master,7f6daf505e0e143576d18b0ad21aabbcbf6ce03f
jasonross@Nuwa,2967,master,750c6394036b50734546443b3359c57327565a62
yusugomori@DeepLearning,2967,master,739dfd1d7919c328e0d3b8129855c2ad71b80036
ltsopensource@light-task-scheduler,2962,master,b61e6ae4320d5bf63d803ed0ccc33894d854539b
JackyAndroid@AndroidChromium,2959,master,337687c3d475960c00d57f2c72719b47d6ce9011
apache@logging-log4j2,2957,release-2.x,eab4c7459a5dccaaab5a0d975efc6d23fe1eca41
camunda@camunda-bpm-platform,2951,master,a609c6201341107b7f5ad52934cdc25bddb8252b
Dimezis@BlurView,2944,master,676ecab899f9b299c4b89a207b71b8afa616aa0a
CrawlScript@WebCollector,2938,master,a130996dac3219049befec2cb5d5cc8f7f2e0f2f
edmodo@cropper,2933,master,1640cb4839a6a54167f44a247e6095eb1385044c
ant-media@Ant-Media-Server,2930,master,52b55928d18f6b1093bf67a2598f2df2350e9a8b
cSploit@android,2926,develop,3679ca5b40e687c8618d9b9fa58f50164e8168e5
diffplug@spotless,2926,main,1b35bf9ce11e233011107295b97ee3cfb68650d0
Sayi@poi-tl,2920,master,a695a607d9fe6d3f4e9ee50e8e83b82b18fc1f40
mmin18@RealtimeBlurView,2917,master,82df3520b4b377313ea17f27ee54a0410be077ad
pytorch@serve,2917,master,da6bb5664b1a8dfa57d1ea2e8e2a6dd02e558672
bmelnychuk@AndroidTreeView,2915,master,5850dc8252b94e3ce9c5f2a375dea57683b326a1
googlesamples@android-vision,2910,master,c6e2f82c9ce62403fd56766dd64bfc7942df8021
javaee@jersey,2905,master,faa809da43538ce31076b50f969b4bd64caa5ac9
udacity@Sunshine-Version-2,2895,sunshine_master,5d0dd65f0baab1f2b34a1e8bd8e311a9e581a83d
iwgang@CountdownView,2894,master,3433615826b6e0a38b92e3362ba032947d9e8be7
geftimov@android-pathview,2891,master,81b316be165dfc2f0067279b104e3f45dc071182
geoserver@geoserver,2891,main,354a13883e3d8cb873741f845e414d6b465a8640
ManuelPeinado@FadingActionBar,2888,master,1c148b91867259ea43e6343d8afb69d106168b46
halirutan@IntelliJ-Key-Promoter-X,2884,master,57fd9348c996399c94d7343e3b2f0e7eb1b68df1
AlmasB@FXGL,2877,dev,d5c546a9b2717e3fdd21d61c30535209c2adbab0
AxonFramework@AxonFramework,2874,master,bc0d7bae4695e9881b46239c5347063d91225f32
sublimehq@Packages,2872,master,f6f271bfe843f070ca641863a5be76c055a66305
bastillion-io@Bastillion,2867,master,3f478bd2ec4b0c8cc51764169bf84f7f140e9674
JackyAndroid@AndroidTVLauncher,2864,master,0e9d0a6d4e7bd32d0efceab1cb3931d5c22c6bcd
race604@FlyRefresh,2862,master,b3049ab0ec2053b23c6a921ddd23bb6e40820ce9
spotbugs@spotbugs,2862,master,d572c2b1296886e2006560299a875fa32307828d
sockeqwe@AdapterDelegates,2859,master,e855771c3ed8b256287e46350ebc3ada2085c41a
googlesamples@google-services,2858,master,0c2c62a7f54c9158e2598f77c59f09dece68a316
apache@curator,2853,master,9b3a145372d9a8bc9a71adb630a1ad9b71fd2889
SpecialCyCi@AndroidResideMenu,2853,master,eee589e385d148d51c32aad3667fdc30839bb576
YahooArchive@anthelion,2853,master,617dd4485b49e15661ec3d8c291b6a3066b55e28
saulmm@Android-Material-Examples,2851,master,81929ca666f573b0468e0329ac6a87cd6daf7c8d
nic-delhi@AarogyaSetu_Android,2849,master,b81f31a4a1e1c7c20159a608fc305de402deff4b
openaphid@android-flip,2849,master,fbfbdbe101987525a4959e09e2fa914c5ced5398
KeepSafe@ReLinker,2846,master,41a5e0ce54a171b4633380404bb99dece01a6582
jenkinsci@blueocean-plugin,2845,master,a5008bfa7e74e3bb97f54cd63955af1e7f489bd9
w446108264@XhsEmoticonsKeyboard,2840,master,5eb2877c5b90d62e0e0d7c6c3eb0feaffa85c678
shopizer-ecommerce@shopizer,2837,master,9a1602a664ab882b5420ff4339db45af44a48423
helidon-io@helidon,2836,helidon-3.x,7c02a376a915de083d3994c937cbb85c3e468375
jprante@elasticsearch-jdbc,2835,master,10df51a707572ba40abc2009aa02b99b8d28cbf7
donglua@PhotoPicker,2834,master,9d338b44292cbd6a7a638b071245a73d21869f2a
MindorksOpenSource@android-mvvm-architecture,2830,master,2b143436c3b5de3321298db75521f48eb99c2a46
mzule@ActivityRouter,2821,master,2f39508cce35674d0aa34f21ca9979eec2af5172
Netflix@concurrency-limits,2819,master,ff90760ebda2af6c09d7e26a6eb58edb67b4ab40
googlearchive@android-Camera2Basic,2817,master,4cc1c3e219d8d168b7893f7a6b2b348740679e5a
google@binnavi,2815,master,4cfdd91cdda2a6150f537df91a8c4221ae50bb6d
yacy@yacy_search_server,2814,master,309adb814e100098c593ccda59fc428c3de0bb37
JulienGenoud@android-percent-support-lib-sample,2813,master,ab37ec9395089fb9b571859256e879cdc5d88929
Teevity@ice,2813,master,608e096ca40c3fd2fca079e00b7f3286871b020e
JoanZapata@android-pdfview,2812,master,8f239bb91ab56ff3066739dc44bccf8b1753b0ba
jackpal@Android-Terminal-Emulator,2811,master,35188f8a8b57989a4a4ec9485e11187b46be26d9
google@bundletool,2808,master,d01b9783a8a8e59985c6df7f14ff89b444c276bb
deepjavalibrary@djl,2807,master,cfd2feace0d2ae6e27ad2aee24b82987af04eed8
mbechler@marshalsec,2805,master,f645788e6a75155fdfccab1fc036a032212d8484
RoaringBitmap@RoaringBitmap,2802,master,49e23e5c93b531b2b3c02fbc6ff03a453aa1458a
square@flow,2798,master,438663b5755d7db124ed3d62889844bf565b15f7
tyzlmjj@PagerBottomTabStrip,2797,master,fae38611c6d35a001455abfa74ea6f8d0abd66a3
florent37@ExpectAnim,2791,master,a5f6fc93858048f412bc038411d9b43e8f6bb6dd
RobotiumTech@robotium,2791,master,75e567c38f26a6a87dc8bef90b3886a20e28d291
JabRef@jabref,2785,main,945a540477af84496b55727d58134d7002e57fce
wildfly@wildfly,2784,main,b12b0c53c0750e226f67af1e2f4e2c60446a77af
OpenHFT@Chronicle-Queue,2781,ea,038520a6237b8c48d379c946684fae7cacf291cb
kiegroup@optaplanner,2774,main,de7c15749e7fe186652cd47f79e6fc035ed027f0
JakeWharton@scalpel,2772,master,9d91f4f78018d56037ba3b2d4cb396a9cc63a673
amitshekhariitbhu@awesome-android-complete-reference,2771,master,4e3a89b42cbc2327fe6e519bb43f3878c05ba9f3
Nightonke@CoCoin,2771,master,5566b054856db7e25cd6b3dd54ccf96461b32699
harjot-oberai@MusicDNA,2768,master,e102b5b2665d963fededc9ee3362d48270d56a65
Tencent@MSEC,2767,master,af82537b691144c2d2df2e5fdf45f1823b861ae7
airbnb@airpal,2765,master,f79d2c1708a2d246029289b0e14fba4c7a51ef60
AdoptOpenJDK@jitwatch,2759,master,40c4ac0e6d8776fe23b4c411f193d860f1098f11
Nightonke@WoWoViewPager,2754,master,b7caf7dfe53f34811106bbfbe103849ad8885484
logisim-evolution@logisim-evolution,2752,master,d8ee95e07a0ebd668bcc857748146ac32905358b
pedrovgs@Algorithms,2747,master,c108e3a4b4fa2556b8c88d7ab6803084b01a4364
EverythingMe@overscroll-decor,2744,master,96f6f55afaeae4d780f151828a809c36a44d6323
Yalantis@GuillotineMenu-Android,2742,master,da8cc2236f65c02e355c1932cc97fadc8226bf48
north2016@T-MVP,2738,master,54907cc2080428ac46ca7527184bf5a6e284da17
bethrobson@Head-First-Design-Patterns,2737,master,c8b5e9631485463bb6442f2a471c26fcf2525291
microservices-patterns@ftgo-application,2734,master,558dfc53b11d30a5f1d995c0c6d58d5106c28189
oguzbilgener@CircularFloatingActionMenu,2732,master,7614a063f326cbd153ead6b06ba979c6cf40796e
oblador@react-native-keychain,2731,master,f3003e8208f6561a77d6fad0544d9a73a6731663
spring-projects-experimental@spring-native,2730,main,eb17f34e5667c8fee9120792b8570c63c3711331
saulmm@CoordinatorBehaviorExample,2729,master,c6b3d22f53fa0754a3d116795346f558895b74d1
arcadefire@nice-spinner,2726,master,1b9c68e7e500835947470bf0bf8bca76a186735f
TangoAgency@material-intro-screen,2721,master,01dd51d1ad601463b7fd6fb2601772c12768c73b
javamelody@javamelody,2719,master,6e90f93272b696706b1f6c2bc3fb271a82e97c6c
fesh0r@fernflower,2717,master,2080f165fa49bcc744a7b6185a8ec64c4cf52c4c
apache@incubator-linkis,2716,master,130718490d44566d29be927ec5cf909ce0071622
flavioarfaria@KenBurnsView,2715,master,4d34c41d32ccceb2407dfdce0130a9b4809763a0
code-troopers@android-betterpickers,2711,master,d729f248d98eb335e284c6d4f9fde4162b8f64cd
elvishew@xLog,2710,master,1de2fdcd28ca74769fa0a26b2672d447ed3d0320
real-logic@simple-binary-encoding,2709,master,100cb64062557a2419268f04a6b8421f81eaf9a9
spring-projects@spring-data-elasticsearch,2707,main,883741e9c1f809e256b622d838abf066f9e648dc
tchiotludo@akhq,2707,dev,e57cc02c790ae833f1e2fd4f77b5cbe8def03c96
AltBeacon@android-beacon-library,2697,master,db4622cc4baad43d100333f85e40b4d2a4ae0637
jjoe64@GraphView,2693,master,047769ac3fbf06055fef3ab49ae515a0ec8b5322
williamfiset@DEPRECATED-data-structures,2689,master,4a5dbdec67ee80feadf7feb4f70ac9f297e7b2ba
500px@500px-android-blur,2688,master,01bd56f4d66ef48585041ceafe5aa4eb8248e409
JohnPersano@SuperToasts,2686,master,5394db6a2f5c38410586d5d001d61f731da1132a
jfeinstein10@JazzyViewPager,2685,master,05fab564593adffec28c76857520ab35f908dea0
aistrate@AlgorithmsSedgewick,2683,master,06703c1371ffdf669d3996baa9e9684d13cdcc82
aritraroy@PatternLockView,2681,master,a90b0d4bf0f286bc23e0356a260b6929adebe7de
kabouzeid@Phonograph,2681,master,d156872cc5ac7f5f295b5fad361974c5fea45631
lukas-krecan@ShedLock,2678,master,e8f8ed5cd47692695127082465355ebb77306d66
fabric8io@kubernetes-client,2677,master,7a4551674cb211aff28ecc2710159736fd425abb
florent37@ViewAnimator,2676,master,bf8f68d8a4ad61c8fde6a3681d565724c3374e6a
Twitter4J@Twitter4J,2676,main,d899f3f6a384c197f9e198fde5d966248ee30971
bin456789@Unblock163MusicClient-Xposed,2671,master,1149a92219d15591b17e87457f08c3130e1924e0
hneemann@Digital,2670,master,632143fff9a4d8dfe9e1da24020c49bd3ed3e3a8
glomadrian@Grav,2669,master,13f8372b3cc320f066ef2490063c054b166ccf22
ldoublem@LoadingView,2667,master,779d5cebd74bbce2a11c20892f9fd3e83ec16ffb
spotify@dockerfile-maven,2666,master,986f960cb82085d2f666acd6c2682672d47f5bb0
r0adkll@Slidr,2664,master,73d774b26b55327831132b05846fc9b099b75c13
spring-projects@spring-loaded,2658,master,d1c4385aba630d73630219b08af276db15f156c7
google@hover,2657,master,4242c499cf304dc88aaedbcfc61ef4bbaf8eaa0c
Todd-Davies@ProgressWheel,2657,master,e64cf8b716a459fa7d6f2d18a90516a7dadc31d1
nisrulz@sensey,2650,master,7ae78d66ae6defa006cfc6f9c7a732c118233693
Malinskiy@SuperRecyclerView,2646,master,b527ae1e77831ecb8dc0eff99a31347684bdf018
ata4@disunity,2645,master,6c1c3215419faaca427fa8d1e960f13cde76e766
jOOQ@jOOR,2645,main,7c27785e5c82bd60bb73a5eee569f3d0fb4df01b
Tencent@VasDolly,2643,master,661adb2648e52e388cde1d12e8bcf245ea47d783
chennaione@sugar,2641,master,2ff1b9d5b11563346b69b4e97324107ff680a61a
siyamed@android-shape-imageview,2640,master,e38e701b228e97229216d145f524deeb12152bfe
spotify@docker-maven-plugin,2640,master,bae07ca8b69227886114191a4d933b57b212c100
yidongnan@grpc-spring-boot-starter,2640,master,acc40faabf1a8d3c210dfbacb671c523896309fb
qii@weiciyuan,2639,0.50,b8f4de854b12c4160a850c2217c779609c5eb445
gcacace@android-signaturepad,2637,master,89d35965ad408bd3b3bfc96aa30cbc51d6dbd863
pchmn@MaterialChipsInput,2633,master,da7da62b75639494b0e893c0508655fa3d834c76
deano2390@MaterialShowcaseView,2629,master,d488f237a08a11370dde1ef3d0e0ebf2f74c6910
smartloli@EFAK,2629,master,e63a2a43a5258ba8ae621680a0251acf9cc28037
SimonVT@android-menudrawer,2621,master,59e8d18e109c77d911b8b63232d66d5f0551cf6a
dlew@joda-time-android,2615,main,3899dcecdee04dad0a6800a1dcf57efd21809eb1
sergejsha@pinned-section-listview,2612,master,cb41213a496fd45bb6404b30bfae23a5a9702492
liangfeidotme@MasteringAndroidDataBinding,2604,master,526a98f68cd116e83047f722b1231f36d37c6400
sucese@android-open-source-project-analysis,2604,master,d1f10b671ba51c728c885e7b45ca2c0ffaf86b31
EngineHub@WorldEdit,2602,master,0b6dcb1fb700e07aa782160c931f2275a12c6efc
zmxv@react-native-sound,2602,master,1aa45f25c8c03ea5c17fac18564c3928bd023113
kubernetes-client@java,2600,master,f44758a9887dac38705206de396db1748d294b78
mihaip@dex-method-counts,2595,master,92ce28416cad857a5500b6dba543543d942bfa6f
cyrilmottier@GreenDroid,2592,master,abd9769f677bb4a753f0bf1119f961187bdf7020
react-native-google-signin@google-signin,2591,master,6e6ec73edfaf945581f81fad6088bba1bcb945fe
sannies@mp4parser,2588,master,ff137905f8f7334c3013fa5fa461a438de49c7e1
CainKernel@CainCamera,2586,master,8d1270e2a4d1e0e69940cf806c5c4ae39615eb66
esoxjem@MovieGuide,2584,master,b271d0a6d18380a1bd1f45d10d83e2285049cdbb
florent37@DiagonalLayout,2584,master,4d02faa060e07e1368e8396f5224c741e6586f65
googlearchive@android-ConstraintLayoutExamples,2580,master,584dde12c5defe53e266a4d3e23868dfd6c76f39
pushtorefresh@storio,2580,master,58f53d81bcc7b069c8bb271c46a90e37775abe8d
facebookarchive@device-year-class,2579,master,a6dc1f304da919a8bf4105ae35babfb51d04531d
SalomonBrys@ANR-WatchDog,2576,master,4d7b4bb288d34a604be80c3c1b13ec85c0c5b06a
VerbalExpressions@JavaVerbalExpressions,2575,master,c03613d25c23c1edaa76b16682c45b10014bd6c4
HiddenRamblings@TagMo,2574,master,a256b5cdc282a57be0d0e1bbea611114d550331c
widdix@aws-cf-templates,2569,master,82d3ff032d11a59596f49f83bde3e8aa26e83168
qos-ch@logback,2567,master,a871e9f1b52e49ebe2ca002a476062b85207fc9c
google@wycheproof,2566,master,2196000605e45d91097147c9c71f26b72af58003
sqlcipher@android-database-sqlcipher,2564,master,62166f771cd04c6400380add5ceec492cfb87d75
mxn21@FlowingDrawer,2555,master,5a8112c530fee29510bf927fe966635c34c0ab1b
voldemort@voldemort,2555,master,a7dbdea58032021361680faacf2782cf981c5332
igniterealtime@Openfire,2551,main,59eb6af260605c2c1527bbcf9b72e113b17c0e70
Krupen@FabulousFilter,2549,master,5236ed56f3767885c31349209fbbf6416fbe8c27
Ramotion@paper-onboarding-android,2549,master,16d48b3e2d3a37fca020b461628a5c6204a49e01
eclipse@paho.mqtt.android,2546,master,3cb8af72f21b56ba72a6a6ddf3066d07d42f80b5
fossasia@phimpme-android,2546,development,60acbd2e5691d3d2f794b86e1277bfedab481035
camunda@zeebe,2540,main,46dae53fd1ee8048696656a1cac9c6d49d699657
katzer@cordova-plugin-local-notifications,2540,master,caff55ec758fdf298029ae98aff7f6a8a097feac
mybatis@spring,2538,master,84f9c17096b996c9ba4db573681b88a7e386bbbf
RodneyShag@HackerRank_solutions,2538,master,34a59eda36b06ceb3a459fc34d5c7c7e7b06f0c5
google@truth,2534,master,847fce99e24494fd6a7170c1f270ac644c77385f
lbryio@lbry-android,2532,master,1e3a74cae1451ba8a26fbf95477865058e0109db
square@keywhiz,2532,master,8ab100c3b9659414ec5aea71c7ee14edac3c6816
iPaulPro@Android-ItemTouchHelper-Demo,2517,master,d164fba0f27c8aa38cfa7dbd4bc74d53dea44605
tdebatty@java-string-similarity,2513,master,93240df9aab3ecea98b869c9536aa7ebc555b281
mongodb@mongo-java-driver,2512,master,d19de196b991cbbe4da79d0d18ed92e58b25ffc2
andpor@react-native-sqlite-storage,2508,master,b6aeac439b9d038bbb9d2e16812d512c38246775
AigeStudio@WheelPicker,2507,master,21cb7b1b887944423804705d68193e8a753ee75a
Cleveroad@SlidingTutorial-Android,2506,master,6b7ed9760f906a1e153da8e7a1ffce805617973d
elye@loaderviewlibrary,2506,master,99c87f012f2ec9da80860f51ff2af162824204de
romainguy@ViewServer,2506,master,269059b4e7377b8861e20444502f6adada0d0943
OpenHFT@Chronicle-Map,2505,ea,010ef402bd854e925a432f5359fd9521a68296a0
cucumber@cucumber-jvm,2503,main,e87a11d2c47deef8ddd5dd24252da1937d1acb91
JetBrains@skija,2503,master,8b17792033e3f0f1b8f0a8a3d0c27f05d25016ab
pwittchen@ReactiveNetwork,2502,RxJava2.x,48adac00d9a47414967a75b81cc696cc35ff60f1
SufficientlySecure@html-textview,2501,master,c8bb3cf655715b0e3d969f6b7b9a9d0decf760fb
javaee-samples@javaee7-samples,2497,master,4a67b232d71bc2b3b6d418e955218fa71741b943
sd6352051@NiftyDialogEffects,2490,master,dccfe57d99a273761e89835f2383334d2c633083
LibrePDF@OpenPDF,2487,master,ee6099f821aff4bde19599d07596f210f8f0467c
nico2sh@materialish-progress,2487,master,f82831e11c81a4385cdd5bf4ced93e5ecd93550d
Kyson@AndroidGodEye,2484,master,459f5cb5a2a4d176ff63f27322644a8191df2af9
balysv@material-menu,2482,master,cdad7aad4ba5c8604fd5eefbca8af1f864c6ef09
spring-projects@spring-data-jpa,2482,main,88dffa8e90caa1cb39345decd6d697318210f5a8
medcl@elasticsearch-analysis-pinyin,2481,master,0f7d4c9394aaf9fef46ff3a731e557f0bccc79d0
johannilsson@android-pulltorefresh,2480,master,ccd0c71a4b291a5ad4673081dfbb72877fb3b346
2dxgujun@AndroidTagGroup,2479,master,6d32f52409fabb0fdf24d665622fe3fe3f8f9ad4
JakeWharton@Telecine,2479,master,54293b7117164345a1df3005db89701e12ea99d4
DoubleSymmetry@react-native-track-player,2474,main,d23c3fb990aaf9d6783881fabe21e059b62b0782
JakeWharton@RxRelay,2473,master,842359253c99177c3293594dbd66f90462d33374
yanzhenjie@Album,2469,master,b17506440d32909d42aba41f6a388041a25c8363
nutzam@nutz,2466,master,9b0983fcbd77fd37d9ebdb22a7b3b3afcdc796a4
Zomato@AndroidPhotoFilters,2466,master,31e94f455fb1035b8e8e1af94fe8036f7fc3682f
federicoiosue@Omni-Notes,2465,develop,c4ca7878ec80419da815a9f0d7bb9059061c0c7d
vdurmont@emoji-java,2464,master,9a90624aa0a50f1785d6a10e1fcb2a296ce468f7
xuuhaoo@OkSocket,2463,master,4da9bf3ae6c0e990b9377e115177c198e315c707
team-supercharge@ShimmerLayout,2458,master,6ffc119430a56667ba485e09cbb98190e5f50531
apache@nutch,2456,master,ed7b6615bc0082e342da22ee0ea401efce39893e
jenkinsci@configuration-as-code-plugin,2453,master,74ee278921f8193f5aa1c0db9b1f8a1c48868647
ozodrukh@CircularReveal,2453,master,12051e84a91ed20dc85de142605105024fc70ba0
daimajia@AnimationEasingFunctions,2449,master,7497ee95d2c5f95f0655ba6f88a14c05ed2281ab
osmdroid@osmdroid,2449,master,abbd81948f6ab0dc6563d6706799a664c1c4d32a
igreenwood@SimpleCropView,2448,master,f7563f640d0fcf4df91b6b30c7cabbec5d9c559c
zcweng@SwitchButton,2448,master,4f2b89d52d71d4e72a2e978bb0b634019307cbb7
saulmm@Material-Movies,2445,master,1e12ec5968c133375df60ee0a6c9692f08f49ec0
zoontek@react-native-bootsplash,2445,master,042b16344d7225f3df21c6b7736b562ce719df0e
ac-pm@Inspeckage,2444,master,d8806c9e5f14d44c2e19a331e929d72d6faa4c54
iammert@MaterialIntroView,2436,master,f7b36b77d691bd0f2b270b378fab8d1aaf8ea273
AsamK@signal-cli,2435,master,e0c2f58e8d25e5cb3c4b3e88f897f2c49e327be7
fossasia@susi_server,2435,development,230d679cf18d0b6c1889cefd2cc1697810c8ec58
WhatsApp@stickers,2434,main,9269e60ec6ac77ac92fa3c7f694ed121af1fb3da
prometheus@jmx_exporter,2430,main,b6b811b4aae994e812e902b26dd41f29364c0e2b
path@android-priority-jobqueue,2427,master,8b8c70834ee2e4aec8f0b7894f55cdb82272be36
grishka@Houseclub,2426,master,cda6d350247df957268c67e2551e0681d64c5497
Comcast@FreeFlow,2424,master,9f7391dc26651dbac0ecd83784bc98dab4e5ec08
konifar@android-material-design-icon-generator-plugin,2423,master,07e59c9c42737539ea0b7cd597afc5f72d5892af
LinShunKang@MyPerf4J,2418,develop,6b4e7dcc7e815b65608e4b40897329f25bd87b18
square@tape,2413,master,445cd3fd0a7b3ec48c9ea3e0e86663fe6d3735d8
docker-java@docker-java,2411,master,f6f9d676d9244d6048fdf85c5db6f2c4813d5c23
iReaderAndroid@X2C,2411,master,9bdf7ea7bc509481ce9fd1d1ea69b6847b5f832e
real-logic@agrona,2410,master,55759755b79ff9c0edfbe3172943b6951032a835
yqritc@RecyclerView-FlexibleDivider,2405,master,d654bff27600aac032ac318d76b002629510d2cf
zhouchaoyuan@excelPanel,2405,master,023c17e4d10eb72bd03e5cd89bef428bd3e73b51
Swagger2Markup@swagger2markup,2401,master,ac22f6340410daeae82fe2c5954624f82076d6c3
thymeleaf@thymeleaf,2399,3.1-master,71cca206b7e8de09bed3722ce987ca8105cbfb53
soot-oss@soot,2394,develop,3e21e9314da6bdb212e0869ba499a6ea3dc41bad
VictorAlbertos@RxCache,2392,2.x,d90ad1e88d297c58feb1ecdb3272670dbdf86096
exadel-inc@CompreFace,2390,master,cd43278a99d669d7753eab322c18cfbeb099a938
Azoft@CarouselLayoutManager,2389,master,979b5d3c17f44c5b5c1fa57472a8163efb2e9075
xmuSistone@CardSlidePanel,2386,master,70dab2540745c39bfef805c4621b52ebfb85fc97
zalando@zalenium,2386,master,4b322387d0a88c6c81fec7466558df1e85fab98d
android-cjj@JJSearchViewAnim,2379,master,55291efd7792852868f9957193e3a18b0ee2cdc9
Netflix@archaius,2377,master,23222691e904a8c79020ab5a2e93ae740a1db96e
hefuyicoder@ListenerMusicPlayer,2373,master,ec0f9b2b17fc5399b1ef0fe85a74e83a03d1442a
apache@commons-lang,2363,master,0659831ad49a41244337eb9c60e6b6fe921756c2
Rukey7@MvpApp,2356,master,ff0a6f2eab1d680fb4df9c25b26832e4be1368c4
nex3z@FlowLayout,2351,master,d56865514f2ad1b5bbbc4ef889107fa4ba99bb92
Kong@unirest-java,2347,main,7c1562de57239f40a97c02a5f3a595ed67d65760
apache@flume,2340,trunk,03317de0ab7c257e4ceeba8d2e52c7e659536c9d
balysv@material-ripple,2338,master,fcbcb986ceed602ac10f2cceb647836d37929882
oracle@visualvm,2338,master,9949cf7c9a85b7f6e2e887d042c78067f1f06672
Frank-Zhu@PullZoomView,2334,master,fed1339e86937d20ffba95f12b371aa459c7e3d9
caoxinyu@RedisClient,2328,windows,0f72f3de3c4790066d5d06f5049a3622861118da
internetarchive@heritrix3,2328,master,c60af1eba26d435d46cd7a730529cb5c36b362d4
qiujuer@Genius-Android,2328,master,2a512970b5bb8a3efa9f919083693d219e6aa37b
elevenetc@TextSurface,2327,master,801ef1deac301c6fe439f84e9cccc915bae1fbbe
Ramotion@cardslider-android,2323,master,ea2de2dda9efd3b45847eb23fa13f32288f369b5
vikramkakkar@SublimePicker,2319,master,8f573b1cfdff8a5a67f1687934105d4f1c502060
Diolor@Swipecards,2316,master,a6fdfaa60fadd56fd5eb8acb2ff8922d2dd4d257
igniterealtime@Smack,2316,master,f65cf45b5c1aecb6cbfef94890523bc3a1906ac8
classgraph@classgraph,2311,latest,e81f793faba16ed102aeba4760fa0b5cd6e260d2
MindorksOpenSource@android-developer-roadmap,2311,master,da7e9e3c57e6d7493c01be3785ce09b5a7dbe14c
GCX-HCI@tray,2309,master,6b7e1a23e2e1cdca66c0781e19769a2418c73ff3
florent37@CameraFragment,2305,master,464a8f0cad69128382d3eee2f2193f6fd4eb78e1
pilgr@Paper,2305,master,e3b6f0b1701d5479a6a956b3db2d4e771827795f
Chora10@Cknife,2303,master,79dae24e2a9917ffa983c68def4dc858e295451b
http-kit@http-kit,2302,master,cf1365167c5a2447f66ea2c0f4541a81114d2f74
alexvasilkov@GestureViews,2292,master,28d3a30f216a70881bca1136e71ccf276e24bb00
H07000223@FlycoDialog_Master,2291,master,fdfdd1c10cb2f8519ef9eb90d9e59cd2452055b1
linkedin@cruise-control,2290,migrate_to_kafka_2_5,c09158530d48ce998acaa201e6bbf9a04ae471f5
eclipsesource@J2V8,2288,master,00dddaa31a80782abbe93c4a01f325db3c4975d6
ulisesbocchio@jasypt-spring-boot,2288,master,4a5836e57222a94d9bfae7aae265f05c4271c4c2
apache@avro,2283,master,ef1e5394e6f5c06ac3a68800d6dc9d00ceee9c9a
deeplearning4j@deeplearning4j-examples,2283,master,96e51a98dcfb831bdc89e2a44a229554164f19c0
googlemaps@android-samples,2283,main,1dedf230f372ead31bb9ad6c6b13eb7a1d09d420
code-mc@material-icon-lib,2281,master,dacdd82c9ae4b36a8fdd9a390df6bac51eb8d2a9
isl-org@OpenBot,2281,master,ff58bfe7e3d28e6bb21e83630ca01ba8bfd7dec7
delight-im@Android-AdvancedWebView,2277,master,6d2dd5c46b7e0762cea09e78996e165ecc7fddb1
atomix@atomix,2253,master,5c57662f8be16d3448c4c9cac2e2bec9317c4300
geekidea@spring-boot-plus,2248,master,fcef69d370f33dbcb57b8fd5c3b350cfa5320a36
iqiyi@Andromeda,2248,master,9a6dfd099e033c184eaef69f164fbdc60782bd55
Yalantis@Euclid,2245,master,6d4176cdc4702ec3ebdf95fac3389a2ac0b622d8
Devlight@NavigationTabStrip,2243,master,e7eff1944a9f2258f84415f5f5fa4210c5868d0c
twitter-archive@distributedlog,2243,master,6c7b5745b697617327235a8b773a4263e50875ee
markushi@android-ui,2240,master,a589fad7b74ace063c2b0e90741d43225b200a18
skyfishjy@android-ripple-background,2240,master,2911efdea8d247894bff8b429b916bd61b0c73be
linkedin@rest.li,2238,master,03c18eabb86412f8616034e93543b43778b21224
addthis@stream-lib,2233,master,5a3bc87c5314f7771ea3968e9015a3d25536343e
soarcn@BottomSheet,2231,master,748f9aab25cd8486da97e20cf9c96fcf92f4d7c8
h2oai@h2o-2,2228,master,be350f3f2c2fb6f135cc07c41f83fd0e4f521ac1
plattysoft@Leonids,2226,master,1c34cfad4b059e8fc38f95ad86d1819a34168d3a
xinghongfei@LookLook,2225,master,c436ef9949aa80ee085408900c54e800c839ce77
Bukkit@Bukkit,2224,master,f210234e59275330f83b994e199c76f6abd41ee7
DeemOpen@zkui,2222,master,1b3e7c133ab76a26c9c5b3653679d77d0cd6358d
theDazzler@droidicon,2221,master,b19142b911d9706dcfc96d25154620591e50a5a5
akexorcist@RoundCornerProgressBar,2220,master,b06599f5af228b32a5e108ec9ffd32e96d889147
hidroh@materialistic,2216,master,fe5071ababa7014bdb6c9043328c0e765b6a1e7a
dmilicic@Android-Clean-Boilerplate,2211,master,8f27d09f4c957baf6c6109df5e282bae0714fa24
balsikandar@Android-Studio-Plugins,2207,master,7bc5c6ec3e52ea834746b4e718df6ca290268d87
HeZaiJin@SlantedTextView,2207,master,11f456534c5564f5b96fd61d24d9cab83680c445
timusus@Shuttle,2200,dev,b4cd6f0286db3eb9cdea8338e54d7081af0618e1
codingXiaxw@seckill,2198,master,fd24d99d232424cd141e64600b277fb8cf3950e2
bytedeco@javacpp-presets,2197,master,68199be599d674fc15b950aa43a462e103be8b20
fython@MaterialStepperView,2195,master,43cc491ad1d7dcd4b608f48691f9128c8d8d6009
rmtheis@android-ocr,2195,master,41445b44c9c88ad03841c3e664f8cce0805a25e6
Yalantis@Horizon,2194,master,765d0248e74e5e01e832c50faa7b1927db6b793d
steelkiwi@cropiwa,2193,master,06f6cfb238654b74ce261f5e51fa7628d0d4e80c
gre@react-native-view-shot,2191,master,4d726f75a84b76dfcb06a341850587ecb201e237
noties@Markwon,2189,master,2ea148c30a07f91ffa37c0aa36af1cf2670441af
hierynomus@sshj,2187,master,6e7fb96d079dce62fcc60a2389efdb157dc1f7fd
Prototik@HoloEverywhere,2186,master,b870abb5ab009a5a6dbab3fb855ec2854e35e125
square@mortar,2176,master,732e2459f6a01afa7270a2798df43fd92b6ca4cf
gjiazhe@PanoramaImageView,2172,master,9c255a82430106cf1cfd20228b4dad603d50050a
avast@android-styled-dialogs,2171,master,36d33e094e9cbadd4c02f54d41d54d736f082abe
